id_canti,similarity,titolo,autore,raccolta,momento,link_youtube
1709,27,Signore da chi andremo,Alejandro Mejia,,"31,52",J5tytDPEmCc
2087,26,Preconio Pasquale,Fra Giuseppe di Fatta,,5,5QKwhomm0G8
1879,25,Preconio Pasquale,Kiko Arguello,,"21,5",
2737,25,Inno alla Parola,"R.Farruggio, V.Valenti",Da uomo a uomo,"21,31,17",q2GgtAvd53M
1871,24,Come fuoco per il mondo,Suore di maria bambina,,"9,52",mUNq2a42DB4
2269,23,La trasfigurazione,Marco Frisina,Non di solo pane,"26,31",6gU3t0nuHuw
2394,23,Fa' che io creda,"RnS - De Luca, Conte",Io scelgo Te,26,RCquNBv0fik
2645,23,La Parabola del Seminatore,REALE - A.Gallo,Come Nessun Altro,"21,31,9",1KY9eM9eAJs
2540,23,La terra buona,--,,"31,17",dcIoaap-vuI
2303,23,Annuncio Pasquale,Domenico Machetta,,5,
1713,23,"Ti ringrazio, o mio Signore",C. Gabarain,,"32,52",v5ewwgxAuA4
231,22,Il Pane del Cammino,Franco Motta - Pierangelo Sequeri,,"21,26,31,32",bjaWckUY05I
446,22,Symbolum ‘77 (v2),Pierangelo Sequeri,In cerca d'autore,"31,14,19",r-hf2dOBfDE
2119,22,Benedetto nei secoli,Matteo Zambuto,,26,fQZUOuYGE7Y
2176,22,Gloria a Dio nell'alto dei cieli,Francesco Buttazzo,Dall'amore di Dio,23,bhDLqwo5PHI
1458,22,Gloria,Francesco Buttazzo,Vita nuova con te,23,9EMdVh1IMz0
2799,22,Gloria a Dio - 2023,Daniele Esposito,,23,Kk3QIQ08WYA
2628,22,Gloria a Dio ,RnS - S.Martinez,Ad una voce,23,oltLI_EgOfw
1675,22,Symbolum ‘77,Pierangelo Sequeri,In cerca d'autore,"31,14,19",r-hf2dOBfDE
282,22,Lo Spirito del Signore,Marco Frisina,,"21,6,17",wy2g6aSREag
1926,22,Il Vangelo della terra,Andrea Testa,,"26,10",5du0mvIwEJE
307,22,Mia forza e mio canto,Pierangelo Comi,,"14,17",lhWpwbUTchk
2151,21,Alzerò i miei occhi ,Marco Frisina,,"26,31",pMxW97hIleM
2681,21,Rendiamo grazie a te,Daniele Scarpa,,26,
2305,21,Il tuo amore per noi,Piera Cori,,26,9aaxeabeNq0
447,21,Symbolum ‘80 (Ma la tua Parola),Pierangelo Sequeri,Ma la tua Parola,"31,2,17,19",pSMZAXrvT4A
213,21,Gloria a Dio,Luigi Mariano,,23,KewJv-uYGLk
500,21,Pane di vita nuova,Marco Frisina,,31,2TjvpY5dqTU
457,21,Ti offriamo,Gen Verde,Gratitudine,26,cvP_AxA8eDE
452,21,Testimoni dell’amore,Francesco Buttazzo,,"5,16",uGwq9KukGGk
2454,21,Gloria a Dio,Giuseppe Tranchida,Con Voci di Gioia,23,I57AWJx0x4g
2248,21,Ascolta oggi ,Silverio Fioravanti,,21,
1777,21,E' il Signore e dà la vita,Comunità Gesù Risorto,,"32,14",ovf-n3ScJ_8
179,21,E sono solo un uomo,Pierangelo Sequeri ,In cerca d'autore,31,Fz3h8MZC-dk
2485,21,Con un cuore solo,"RnS - Ferrante, Salvemini",Sentieri di speranza,31,40tFwBuV8rM
1050,21,Amo,Stefano Fioravanti,,24,PHJIZ9hZo2I
1728,21,Gloria a Dio,Guglielmo Amadei,La nostra festa è Cristo,23,JtJ4fbTGwNo
2647,21,La sua casa,Francesco Buttazzo,Guidati nel deserto,"21,10",aZB9J7PpAmicltm6
2447,21,Tempo di ricominciare,Gen Verde,Tempo di ricominciare,31,uKal1PpNSJs
1698,20,Vergin Santa,RnS,,"21,31,2,3,7",mTnD1HXRnfk
163,20,Dov’è carità e amore,Valentino Meloni - F. Zanettin - Terenzio Zardini,,"31,17",2aIrBW6r0aw
2155,20,Isaia 62,Silvia Gardi,,"21,31,32,15,20",amu-_m4wRKM
2528,20,Hai dato un cibo ,,,"31,10",es9lKpu53ic
225,20,Il canto della creazione,Giosy Cento,,"21,14",UmZMsOYQtUY
1610,20,Il Signore ha messo un seme,Claudio Chieffo,,21,WhS7JTmSr9I
2301,20,E lo credemmo abbandonato da DIo,Pierangelo Sequeri,,"31,4",rkW8-9ToP9s
2790,20,Il seme,Claudio Chieffo,I cieli,"10,12,16,17",AFWGU_Jg25E
321,20,Noi canteremo gloria a Te,Gino Stefani - D. Stefani,,"21,32,14,19",beOpc0kvk0c
1634,20,A te grido mio Signore,RnS,Fuoco d'amore,"9,14",WpgDwwElBGk
1453,20,Nella Tua presenza,Daniele Ricci,,"28,31",WextjtnVp8c
2003,20,Giovanni,Marco Frisina,Non temere,"21,31,32,2,12",R5TkDWVJi5E
2015,20,Chiesa di Dio,Costa - Villeneuve,,"21,4,10,14,20",gE2gfXPhpkU
1932,20,Ci nutri alla Tua mensa,"F. Buttazzo, P. Dargenio",Esulta il cielo,"26,31,9",RPQ8ORkm9bo
2133,20,Cantico di Anna,RnS,,17,cJXQaL644FQ
208,20,Gloria,Marcello Giombini,,23,2inSW_DKXlQ
223,20,Il canto del deserto,Piero Ciardella,,"31,15",iHQdPozISDo
2795,20,Come il Pellicano,Gen Verde,,10,2fab8odvGsE
352,20,Padre nostro,Marcello Giombini,Camminiamo nella speranza,29,ZniLDGaOCwM
78,20,Beato l’uomo,Antonio Porrino,,"24,31,32,2",YQsqPCheucg
2827,20,Canta o lingua il glorioso mistero,Marco Frisina,Cristo è nostra Pasqua,"31,4,5,9",rzGXMeYQcL8
129,20,Cieli e terra nuova,Mario Piatti,,"32,2,13",efDuuaWXpSE
2108,19,Padre nostro non abbandonarci,Benedetti - Anselmi,,29,g9IEhGllng4
233,19,Il Regno di Dio,Marco Frisina,,"31,17",8HuNeAcsz1A
2270,19,Non sono più io che vivo,RnS,Misericordia sei,31,_45-2Dr9dQ4
2340,19,Questo è il giorno,Giuseppe Tranchida ,Resta con noi Gesù,"21,31,10",dS1yfGUS2Gg
2166,19,Benedetto sei o Padre,Francesco Buttazzo,,"26,2,3",OsiDQN3Vys4
2173,19,Luce di Dio,A. M. Galliano; R. Farruggio,,"21,31,32,5",Pqv4nnGD_vA
1759,19,Io ti cerco,Sequeri - Belli,,"21,4",9shFqgM_OgQ
2598,19,Simeone,Daniele Esposito,,"31,32,10,13",rH07fVSFjq8
2196,19,Alza i tuoi occhi al cielo,RnS,Sentieri di speranza,10,KTMbNIOFw3c
1727,19,Ti sei fatto pane,Daniele Ricci ,Gesù è il suo nome,"31,3",VktGKm3AF88
2278,19,Manda il Tuo Spirito Signore,Francesco Buttazzo ,Vieni soffio di Dio,"21,24,6",BVCT3wQe_JI
2218,19,I frutti che ci dai,Giuseppe Tranchida,,26,EgD5i_MWeIE
1672,19,"Il tuo Corpo, il tuo Sangue",Luciana Leone - Salvatore Martinez,,31,MBlHzbDY6Qo
2327,19,Chi ha fame,Kiko,,"21,4",A32O3Rl_-pA
2756,19,Gloria a Dio,Paolo Auricchio,Rallegriamoci nel Signore,23,P-h6I_G_dhY
217,19,Grandi cose,Gen Rosso,,"21,24,32,14",Jvp2zJUouOQ
2296,19,Custode del Signore (v2),Marco Frisina,,"21,32,10",YAEv6Cxj_JI
1894,19,"Rendo grazie al tuo nome, Signore",Ciardella P.,,32,
1952,19,La canzone di Luciano,Bottan Boschiero,,9,JiYZ6wm8dIM
55,19,Annunceremo che Tu,Paolo Auricchio,,"32,16",ZfI4bBMKSRs
2366,19,Alzo gli occhi verso i monti,Kiko Arguello,,"32,4,10",uoWZGgCcTZY
242,19,In principio,Daniele Ricci,,"21,3",jsFibHveYW4
1944,19,Luce che sorgi nella notte,Francesco Buttazzo,E' Natale ancora,"21,3",FQVguXqfOtE
1859,19,Albero di vita,A. M. Galliano - R. Faruggio,,"21,4",UFM0UBncxcc
2547,19,Maria piccola Maria,Kiko Arguello,,7,MG6YGT7XZ50
2179,19,Gloria a Dio,Gianlivio Bersigotti,,23,N_8gyW4zEvk
1562,19,Come il cervo va all'acqua viva,"Bob Hurd, Marco Deflorian",,31,-VdUBfZfWFY
205,19,Gioisci Figlia di Sion,Gen Verde,Sulla via della speranza,"32,2,3,7",CdMfAsdFpxU
1559,19,Come il cervo va all'acqua viva (semplificata),"Bob Hurd, Marco Deflorian",,31,-VdUBfZfWFY
2550,19,Nascerà,Gen Rosso,,31,2umvrdWyYgo
2295,19,Custode del Signore,Marco Frisina,,"21,32,10",YAEv6Cxj_JI
1674,19,Non sono più io che vivo,Stefano La Porta,,"31,52",_45-2Dr9dQ4
169,19,E correremo insieme,Giosy Cento,,32,8av9XCKUVMo
2616,19,Resurrezione,,,"31,5",dchMT-HU3hA
1627,19,Giorno di Pentecoste,Giosy Cento,,6,op08cAePvIk
1616,18,Canzone della speranza,Paolo Iotti,,"31,32",U9Gqz7BjuR8
195,18,Fissa gli occhi,Franco Costantini,,"31,9",NMWBFrFu0w0
1946,18,Aprite le porte a Cristo,Marco Frisina,Sacerdote per sempre,21,tQO6XO9syFk
2570,18,Se avessi mai commesso,Santa Teresa di Lisieux,,"31,4",2pN1y8hCHds
1564,18,Nostra gloria è la croce,Marco Frisina,,"21,4",hojAhQHmQMM
2416,18,Arderanno sempre i nostri cuori,Paolo Auricchio,Alleluia è risorto,"31,5",kHB6N9sCQcI
1724,18,Gloria a Dio,Daniele Ricci,Gesù è il suo nome,"23,3",4giwnbQIyfk
2798,18,Nostra gloria è la Croce,Dargenio,,4,m98e_bqnpys
2472,18,Benedetto sei Tu che vieni,Semprini – Galliano,Natale del Signore,"2,3",r7M3bZtiFuc
2189,18,Com'è bello (dar lode al Signor),RnS,Davanti al Re,21,KOB5-UWA-pk
2530,18,La vera gioia,Marco Frisina,Non di solo pane,"21,28,31,3,9,15,20,52",034LnZ8eMuk
2354,18,Io sono il pane della vita,Lucio Maria Zappatore,Il Signore è vita,"31,2,3,4,5",jtFyO8nGGN8
1584,18,Gloria a Dio,Pasquale Dargenio,Sorgente di vita,23,BdXTowIQmgg
249,18,"Io credo, risorgerò",Gino Stefani,,"21,13",X9clLTZHcvQ
145,18,Cristo è risorto veramente,RnS,Venti dello Spirito,"31,32,5",hQ8Y11c3LCs
2078,18,Madre fiducia nostra,Marco Frisina,,"32,7",AAkAsRX4Bv8
2505,18,Cristo muove le montagne,Hillsong,,32,kOL8zUl5OZw
1477,18,Sono il Pane di Vita,S. Toolan,,31,UwA__oGQ1e0
2253,18,Venite applaudiamo al Signore,Kiko Arguello,,"21,4",AV8drfqaYE0
1706,18,Padre Nostro,Pino Sanfratello,,29,zcb73-wHniM
2429,18,L'ultima cena,Comunità Gesù Risorto,,"4,10",cHtVuDFEKMY
1953,18,So che sei qui,Gen Verde,Messa della concordia,"31,9,13",tZEovlG6uAg
201,18,Frutto della nostra terra,Francesco Buttazzo,,26,hF9namOkLoE
2205,18,Vidi la nuova Gerusalemme,Marco Frisina,Vergine Madre,"21,7",KYqctObWoJE
428,18,Signore come è bello (La tenda),Claudio Chieffo,,"31,32,17",q6OTCpB63LM
493,18,Vocazione (v2),Pierangelo Sequeri,In cerca d'autore,"21,31,20",pgTabb5fhIU
1883,18,Il canto del mare,Marco Frisina,,"24,5",
76,18,Beatitudine (La preghiera di Gesù è la nostra),Gaetano Castiglia,,"31,17",c6uJoG9BbJ8
2589,18,Come un faro nel buio,"F.Venturini. G.Bedocchi, A.Mazzanti",,14,A--7TeXOkSo
2291,18,Canto Penitenziale,Marco Frisina,O Croce nostra speranza,"22,4",EeZfclHIhCk
2726,18,Io amo te,S. Stacchiotti,Cristo è risorto,31,6zmFOOEjBIk
117,18,Cantiamo Te,Gragnani,,"21,14,19",RN5HIkTbvzU
2780,18,Grazie Signore,Filippo Daino,,"31,9,10,52,54",K4FCwj5IVJ4
2594,18,Dio che tutto puoi,RnS,Mi ami tu?,"31,14",
463,18,Tu chi sei,Chiara Bizzetti,,31,4J5sLpixxJk
2246,18,E sia sì,"Elena Storchi, Renato Giorgi e Valerio Antonioli",,10,
1780,18,Vocazione,Pierangelo Sequeri,In cerca d'autore,"21,31,12,20",8omR81t4csc
1654,18,Come unico Pane,Rossi,,26,v8AtqY1KH7E
133,18,Come è grande,Roberto Grotti,,"31,4,11,14",GWIcRqwR0Sk
1615,17,Stella del mare,Comunità Gesù risorto,,7,a1a3MVoW8sY
2252,17,"Alza le braccia, apri il tuo cuore",RnS - Daniele Branca,Parola d'Amore,31,tbKreLTdT4s
2555,17,Ora si può,Don Mario Costanzi,,"32,10,16",
2448,17,Ai piedi della Croce,Corrado Salmè,Infuocati per Dio '04,"9,10",VF01Mdiqa38
1480,17,Il canto del mare,Marco Frisina,,"21,32",ikUhuknKHYA
2600,17,Lasciate che i bambini vengano a me,Daniele Esposito,,"21,8,10",fvcDLr9G-5Q
1718,17,Venite dal profondo,R. J. Stamps,,31,yz9LJgeGNHM
2644,17,La Tua dimora,Daniele Ricci,La Tua dimora,21,BCwCh0io1K0
1837,17,Dio è la mia salvezza,Marco Frisina,Salvatore del mondo,"2,4",yO6xhARbaLM
142,17,Con Te faremo cose grandi,G. Meregalli,,"21,31",
1602,17,Accetta o Padre,C. Mangione - L. Maci,,26,PD5g256Nv8A
1918,17,Io sarò con voi,Marco Gragnani - Giorgio Casini,,31,GB-93Or0Yy4
181,17,Ecco il nostro si,Emanuele Fossi,,7,YQJyeqErUAo
196,17,Fonti di Nazareth,Chiara Bizzetti,,5,vUOhl98MLuY
1957,17,Gloria a Dio,Salvatore Basilotta,,23,nC22oOfALQs
1769,17,La pace del Signore,Francesco Buttazzo,,30,ZZIYGBjAzj0
144,17,Credo in Te,Marco Frisina ,Non temere,"24,31",LhsITZZqOOo
2072,17,Benedite e acclamate,A. Casale,,"21,15",QH1LLGOkr6M
2664,17,La giusta direzione,Davide Vigano,,"21,32",LnWzimILeZI
2418,17,Padre nostro (testo adattato nuova liturgia),Marcello Giombini,Camminiamo nella speranza,29,SRrs7O27wK4
200,17,Fratello Sole e Sorella Luna,Riz Ortolani,,"31,14",jSq7zvrrsCA
1669,17,Io vengo a Te,RnS - Pietro Ferrante,Il deserto canta,"21,31,9",F0lNje7wt8A
1786,17,Pentecoste,De Lazzaro-Manzari,,"10,20",Uu0mt8mYKO4
73,17,Beati quelli che ascoltano,Michele Bonfitto,Sei grande nell'amore,"21,31",CuFvTANFHr4
316,17,Nel Tuo silenzio,Gen verde,Come fuoco vivo,"31,52",MTbJK2Cu-xk
1783,17,Padre Nostro,Francesco Buttazzo,,29,4TbLW6nmFNA
82,17,Benedici il Signore,Marco Frisina,,"24,26,4,14",iepex6XBHo0
382,17,Resta qui con noi,Gen Rosso,,"32,5,17",AyPDx-w7nKw
1600,17,Fratello Sole e Sorella Luna (semplificata),Riz Ortolani,,"31,14",jSq7zvrrsCA
380,17,Resta Accanto a me,Gen Verde,,32,ji4xk-YIgoo
160,17,Dio s’è fatto come noi,Gino Stefani - Marcello Giombini,,"31,2,3",lGaqYA2I-lU
504,17,Luce,RnS,Luce,,bZVHm-iDJv8
331,17,O Maestro (San Francesco),Paolo Spoladore,,"31,32",Z3wyBIaolpg
2533,17,Il custode d'Israele (salmo 120/121),M. Franchi,,24,mxEctuD9ynE
2727,17,La legge del Signore,Movimento Eucaristico Giovanile,Sulla strada per Emmaus,31,8AeCC4Dl3Bk
1939,17,La mia Pasqua è il Signore,R. Farruggio,,"21,31,5",vcREq6qlJvs
2399,17,Nelle tue mani,A. De Luca - B. Conte,RnS - Nelle tue mani,"31,2,3,4,9,10",Zo6CuMpR_c8
2469,17,Il Tuo amore è grande,RnS,Venti dello Spirito,"31,9",jJrggKrvBXw
1779,17,Cuore puro,SDV worship,,31,KJ1OGOLfFy8
1749,17,Che siano una sola cosa,R. Grotti,,"31,4,15",P0sVkGfGBg4
2709,17,È il momento di ringraziarti,"M. Fornaro, B. Carretta","AA.VV., Oggi risorge","32,52",hqNuQJ8qN9c
2081,17,Cristo è risorto è vivo!  È con noi!,A. Roncari – L. Capello,,"31,32,5",od7T90zC794
239,17,Il Tuo amore,---,,31,
2723,17,Dio ha tanto amato il mondo,A. De Luca - B. Conte,Risorto per Amore,"31,4,10,11",aYClEd3LMz0
2112,17,Luce,Rns,Luce,"21,31,32,3,5,10,12,15,16,20,52",Hk0tgrr5mHI
2728,17,Disse un giorno il Padre,G.Stefani - M.Giombini ,,10,
444,17,Sulla Tua parola (Pietro vai),P. Paci - G. Santambrogio - Stefano Varnavà,,"31,16,17,20",jXE0ta1g1b0
221,17,I cieli narrano,Marco Frisina,,"21,24,31,14",34tjGV7_rxQ
2794,17,O Signore nostro Dio,Marco Frisina,Non Temere,"21,31,4,5,15",SKrRIFda5mo
2240,17,Con l'offerta di Gesù,F. Buttazzo; P. Dargenio,Esulta il cielo,"26,5",7c3fFWR1PjA
2524,17,Gloria a Dio,Fusari - Rossi - Carocci,,23,DKFgt6-PTzk
7,17,Accoglimi,Pierangelo Sequeri ,In cerca d'autore,"4,11,18",M5FBVpkUsWc
1473,17,Chi?,Gen Rosso,In concerto per la pace,21,QJxpvCVibWQ
1692,17,Grande è il Signore,Steve Mcewan,,"9,52",sZ8WNSDfVeE
483,17,Vieni al Signor,Matteo Calisi Da Tradizionale Ebraico,,"21,24,31,4,14",iDWgszB1njo
1927,17,Sei fuoco e vento,Andrea Testa,,"31,6,10",SQd4dv45w-k
292,17,Luce di verità,G. Becchimanzi - S. Puri - C. Giordano,,"21,6",
1583,17,E' tempo di grazia,Fabio Baggio,Tempo di grazia,"21,4",wDK8OvBgKXw
2125,17,"Del tuo Spirito, Signore",Gen Rosso,,"24,6,14",0-WMVDh_cg0
432,17,Silenzioso Dio,Giosy Cento,,31,knzZ9EYvoPs
2351,17,Ci accogli alla tua mensa,Avolio-Capacchione-La Rocca,Festa con Gesù,31,M6qeiC3etUE
258,17,Io vedo la Tua luce,Pierangelo Sequeri ,E mi sorprende,"31,3",YOhCW3aH7mo
138,17,Come un fiume,P. Paci – D. Preti,,"21,8",ZntyUAaXQxs
2025,17,Gloria in excelsis Deo,Lecot,,23,es2sdyT98cM
1822,17,Il seme del tuo campo,Gen Verde ,Messa della concordia,"26,11",40X0yHt8aIA
146,17,Cristo risusciti,Stefani,,"21,5",nsgcYokdH78
4,17,Acclamate al Signore,Marco Frisina,,"21,24,14",XR3RXQHnwS4
2152,17,Gustate e vedete,Marco Frisina,Pane di vita nuova,"26,31",JN9WTx9H75w
361,17,Popoli tutti acclamate,RnS,,"21,31,32,14",9jxXJ79BFSU
2181,16,Gloria,Benedetti/Anselmi,,"23,3,5,6,10,14,15,52",WJKpNY7MmTw
2590,16,Inno di liberazione,RnS,Vittoria!,5,50tL7r9jX0I
1427,16,Camminiamo sulla strada,---,,21,P9rOs2n76Bk
1676,16,Ti rendiamo grazie,RnS,,31,7rAxVf_izmM
306,16,Mi arrendo al Tuo amore,RnS,,11,5MqURreias0
57,16,"Antica, eterna danza",Gen Verde,,26,kGXy6SBVEVg
1857,16,Santo,Marco Frisina,Salvatore del mondo,27,OOxw854Alpc
1552,16,Canta con noi,---,,10,Lqjqa1l5D0E
245,16,Insieme a Te,Francesco Buttazzo,Alla tua festa,31,_1taK6Kc8gw
2122,16,Tu sei la forza,Eman,,"5,6,10,14",PDaq_myKqbs
2104,16,Luce per noi,Oratorio Salesiano di Arese,,53,FShjTcWMuRY
1581,16,La voce di Maria,Roberta Torresi e Paolo Bisonni,,7,pB-T5WICE4o
2388,16,Lode alla Trinità,RnS,Risplendi Gerusalemme,"14,19,52",8SNKs3YGERg
167,16,E' bello,Gen Rosso,Noi veniamo a te,32,gspMhX9hrKI
2597,16,Glorifica il Signore Gerusalemme,Daniele Esposito,,"21,24,10,14,52",6K-IT3rVrB4
1400,16,Gloria in excelsis Deo,Jean-Paul Lécot,,23,strUQQGtbhc
1866,16,E' finita l'attesa dell'uomo,Francesco Buttazzo,,"21,3",5agm80XxA9I
2465,16,Sei con noi uno di noi,Domenico Machetta,"Sei con noi, uno di noi",21,LL41_rgYQgw
1761,16,Gloria a Dio nell'alto dei cieli,F. Buttazzo - P. Dargenio,,23,ht1yDFKZ26c
2461,16,Benedici il Signore anima mia,RnS - A. Napolitano,Grazie,"21,24,31,4,9,52",YBM6FSXavKE
236,16,Il Signore è la mia salvezza,A. Marani,,"21,32,14,17",hYoJr1jamX0
1817,16,Venite applaudiamo al Signore  (Salmo 94),Marco Frisina,Benedici il Signore,"21,24",0iJ462qTKh4
1734,16,Gloria a Dio,Buttazzo - Scarpa,,23,JhYa72Mlu4c
2160,16,Il nostro cuore offriamo a te (completo),RnS,,"26,2,5",DJhhcQ5LGWY
2183,16,In una notte come tante,RnS,,3,WPhxL4QOIKU
1936,16,Alla vittima pasquale,P. Dargenio,Esulta il cielo,5,nXCbbGTvXgo
2805,16,Gloria GIFRA,GIFRA Napoli,,23,
187,16,Emmanuel,Gen Verde,,"21,32,5",4WoY3wkGd5E
405,16,Santo (GUC),Gruppo Universitari Cattolici,,27,
1548,16,Benedici,Paolo Spoladore,,31,uN0dLBwY5jI
2259,16,Benedici il Signore anima mia,A. Napolitano,,31,YBM6FSXavKE
229,16,Il Mattino di Pasqua,Pierangelo Sequeri,,5,E7UYyUWTTj4
2286,16,Chiesa del Risorto,Marco Frisina,O luce radiosa,31,5D90KReCemU
2338,16,Oggi ci hai chiamati,Giuseppe Tranchida,Resta con noi Gesù,"21,10,17",cXdCaz1derQ
254,16,Io sarò con Te,Marco Frisina,,31,oWtdlQAaOCE
189,16,Esci dalla Tua terra,Gigi Cocquio,,"32,16,20",56QlRaUrcyg
1958,16,Resto con te,Gen Verde,Il mistero Pasquale,"31,4,9,52",1321OwwtHY0
1665,16,Il nostro cuore offriamo a te,RnS,,26,DJhhcQ5LGWY
2487,16,Pane e vino ti offriamo,M. Palmitessa,Ora sei con noi,26,-h27hWgNfto
414,16,Se m’accogli,Pierangelo Sequeri,,"21,26,13,14",YkAIWOfJiJM
2650,16,Pietre vive,Francesco Buttazzo, Chiesa del Signore,"21,10",2jvxTf6gOu0
2811,16,Fame e sete di Cristo,Fabrizio Palma · Alfredo Di Stefano,Nella luce del Risorto,"26,28,31,4,5,17",yi_rMk8cM4o
2004,16,Canzone di San Giuseppe,Guido Clericetti - Adriana Mascagni,,"31,32,3,7",PRadNjnGKWs
1467,16,Non più due (Buttazzo),Buttazzo,,31,PpuOL1WRI3M
294,16,Madre della speranza,A. Lagorio,,7,O5AL7CjejIk
184,16,Ecco la serva del Signore (v2),Marco Frisina,,"7,17",eakmIDhzNyc
2082,16,Cantiamo la tua immensa gloria,Davide Toffoletto,,"23,14,52",
415,16,Se qualcuno ha dei beni,Michele Bonfitto,Sei grande nell'amore,26,CJZGnpyJ51g
1732,16,Vi annuncio la gioia,Fabio Baggio,,"21,3",E619YuHXNMc
2169,16,"Cantate al Signore, alleluia",Marco Frisina,,"32,14",aC4c4ENu8lg
2144,16,E' il segno del tuo amore,Daniele Ricci,,"21,31",NgQl9pNO71M
2385,16,Sempre canterò,RnS,Sempre canterò,"21,32",-kVhOU4GERs
505,16,Prima Corinzi 13,Guido Meregalli,,,7Gum6ktqoLQ
464,16,Tu sarai profeta,Marco Frisina,Tu sarai profeta,"21,26,31,2,16,20",3RlXWfB_ALI
1717,16,"Un sol corpo, un sol spirito",Salvatore Martinez,,"21,32,16",n-Gov3B4AIk
494,16,Voglio cantare al Signor,RnS,,"21,24,32",N3iWAEOmLDc
2341,16,Questo pane spezzato,Giuseppe Tranchida,,31,igN1nkpIIyU
2168,16,I miei occhi elevo a te ,RnS,Ha vinto il tuo amore,14,K_hqvLb0FLA
2232,16,"Tu, nostro Pastore","Christopher Walker & Marco Deflorian, Marco Deflorian",,31,7fUhKmlhe-4
2818,16,"Dio mio, Dio mio perchè mi hai abbandonato ",Marco Frisina,Non temere - Signore è il suo nome,"24,4",34BhRHX7mzE
1640,16,"Sei Tu, Signore",Francesco Buttazzo,Sorgente di unità,"31,5",q21ujt1xnC0
2507,16,Così come sei,Adi Media,Adorazione 5,"31,9,11",aTsLHkeyzNE
327,15,Nostalgia d’una sorgente,Giosy Cento,,"21,11",HjXlMvgwuR4
1844,15,Ave Maria splendore del mattino,Claudio Chieffo,,"32,7,10,12,13,15,16,20,51,52",QFRv_SuDxdg
450,15,Te lodiamo Trinità,G. Stefani,,"31,19",pS9m2X9So5I
2124,15,Oggi è giorno di festa,"M. Muolo, M. Palmitessa",Riuniti nel tuo nome,"21,52",NxTNlpL58SM
61,15,Ascolta la Preghiera,---,,"4,7",
2287,15,O Dio tu sei il mio Dio,Marco Frisina,Tu sarai profeta,26,7Ss8-mRlInA
1976,15,Come brezza ,Daniele Ricci,,"21,31,6,10,20",tUGrDXYlbVg
370,15,Quale gioia,Matteo Calisi - John Bagniewski,,"21,24,32,13",oMlN3Yttg44
1614,15,Come incenso,Antonio Parisi,,26,0LjmWkgqDGM
411,15,Scusa Signore,Renato Biagioli - Alessandro Aliscioni,,"31,4,11,12",ake51HBgl_Q
2375,15,Ave Maria splendore e bellezza,Negrini-Frigerio,,"32,7",dIBWh6i-7aU
150,15,Dall’aurora al tramonto,Mite Balduzzi,Verbum Panis,"21,24,31,2,4",ndzzta0oElQ
1585,15,Il 14 di Nisan,Roberto Mancinoni,,"31,4",WsHQaJSK0bc
2738,15,La vera vite,L.Scaglianti,Kerygma: l'uomo davanti alla parola,31,Pgek5MYv8LE
2165,15,Prepariamo la via,"Pasquale Dargenio, Matteo Zambuto",,"21,2",jeXNXBlGhtk
2235,15,Gloria delle campane,Daniele Esposito,,23,ZLibXV7D0zI
2292,15,"Gloria, Gloria a Dio nell'alto dei cieli",Antonio Parisi,Eucaristia cuore della Domenica,23,irB2QkHw-64
2251,15,"Alleluia, Cristo e' risorto",Jean Luc Moens,,25,5mMChz-hIUU
1752,15,Mi basta la tua grazia,RnS (G. Sanfratello - G. Cucuzza) ,,"31,32,52",MLW5Dz0Bnmw
2230,15,Vieni con me,Giosy Cento,,"21,32,10,15,20",MWWqRbyq3t0
1869,15,"Maria, tua dolcezza",RnS,,"32,7",oehuZNY8-Yg
1888,15,"Inno della Divina Misericordia (Gesù, confido in Te)",Padre Carlo Colafranceschi,,"21,28,32,5,9,10",NbCILKYESOA
2503,15,Che magnifico nome,Hillsong,,"5,9",NVtDXb_C1Hc
1970,15,Grazie Padre Buono (Rns),RNS - 2015 Luce,,"21,22,9,10,11,52",mYakLZJVfdw
2238,15,"Alleluia, rendete grazie",Gen Verde,Il Mistero Pasquale,"24,5",iMz4aIR7rAc
2234,15,Accorrete popoli del Re,Daniele Esposito,,21,V3grjsC_9vU
1592,15,E' bello stare insieme a te,P. Dargenio e G. Puccio,Sorgente di vita,"31,32",BvndkicLBgw
2553,15,Ora che sei qui (Now That You're Near),Hillsong ,,"21,14",yI_dguDpCVg
2228,15,Magnifica il Signore anima mia,Guglielmo Amedei,,"32,2,7,14",OPPK39U_Ev4
2825,15,Li amò fino alla fine,C. Burgio ,,"25,4",v2ojzmb9Ngg?si=xzyww5FZNt9ZslQ2
1619,15,Come ti ama Dio,---,,"31,32",6CkaRqfl4js
1696,15,Spirito di santità,A. Gouzes,,6,wEwwBW9Jk_4
1986,15,Cristo speranza delle genti,RnS,,"21,31",Lc-nMRdJR5Y
2770,15,Dal profondo o Signore,Francesco Buttazzo,Tempo di grazia,"4,11",1otaBEQc66I
1677,15,Mi affido a te,RnS,,9,UgKZEmeV7KE
1556,15,Insieme è forte,Paolo Spoladore,,"21,32",
2377,15,Incontro con Gesù,M. Emberti Gialloreti- A.M. Galliano,Incontro con Gesù,"21,31,2,3,5",
252,15,Io loderò il Signore,Matteo Calisi,,21,
1661,15,"Cantiamo al Signore, grande nell’amore",RnS,Misericordia sei,"21,31,9",pXwEcrj2Grk
2857,15,La forza del tuo amore,Pietro Ferrante,Parola d'Amore,"31,11,12",8-rtIDDw0l4
1578,15,Gioisci figlia di Sion,RnS,,"32,2,3,7",jbtR7ylZqI0
1575,15,Dio è amore,RnS,,21,x02RLuFgTcQ
2564,15,Getta le tue reti,"Collu, Moro, Maxia",,"31,32,10",jgdNW0t1wNg
479,15,Verremo a Te,Guido Meregalli,,21,
1895,15,Questo è il giorno fatto dal Signore ,RnS,,"21,24,31,32",
2646,15,È meraviglioso,Gen Arcobaleno,La tua storia,31,O8rk6Pqt2Yo
1588,15,Lode e Gloria,Paolo Spoladore,Dacci Pace,"23,24",3zvarhz2k9U
339,15,Ora è tempo di gioia,Gen Rosso,,"31,5,16",_RVb4knVC9Q
2102,15,Giullare dei campi,P. Pignatelli,,"32,10,53",dQFU4Ynaioo
2757,15,Vieni popolo mio,"F. Baggio, F. Buttazzo",Tempo di grazia,"21,31,32",qUykvY6s7Gk
2641,15,"Tuo è il regno, tua è la potenza",RnS - S.Martinez - C.Venturini ,Prostrati adoriamo,21,z1WdTWgno5M
199,15,Francesco vai,Chiara Bizzetti,,"16,20",6UaILKz_Xvg
1848,15,Grazie Signore,Mascagni,,"31,32,10,12,14,15,16,52",WhF2Yw1_eHw
285,15,Lodate Dio,Gen Rosso,,"21,32,14",T6sJgjfK-qo
2076,15,Gloria a Dio nell'alto dei CIeli,Daniele Ricci,,23,SkA3qEjKgDc
1919,15,Festa con Te,Avolio-Capacchione-La Rocca,Festa con Gesù,21,pXipmfGYlP0
1382,15,Dio grande Dio,Chris Tomlin,,"31,9",-hnf8kydiws
2595,15,Ora che sei in mezzo a noi,Gianluigi Serapiglia,Davanti a Te,31,hkzeyvYMeCg
170,15,E' giunta l’ora,Luciano Scaglianti,,"4,13,17",z0_74gnHpQ8
2392,15,Il cantico dei doni,Fra Giuseppe Di Fatta,Viva immagine di Te,"26,54",GHlQpNE3zL4
305,15,Messaggio ai giovani,Pierangelo Sequeri ,In cerca d'autore,"21,20",SzGCzzzp8a0
1596,15,Il Figliol Prodigo (Abbracciami Gesù),Figli del Divino Amore,,"21,17",06d4D-Fzk38
2407,15,Solo tu il mio Dio ,RnS - John B. Foley S. J,Sempre canterò,"21,32,10",WBCJ1c6cYCI
58,15,Apostoli di gioia,Luca Pollastri,,"21,32,16",jHltPy0bfyE
2395,15,"O Signore, raccogli i tuoi figli",D. Stefani - V. Meloni,Nella Casa del Padre,"21,10",7Y_LS3TPkA0
2233,15,Cosa renderti,,,10,
1618,15,L'acqua della salvezza,A.Roncari - L.Capello,,31,lR9ZoB022o0
1590,15,Il dono più grande,Pasquale Dargenio,Sorgente di vita,31,tk89LEWruYw
2529,15,Sei Tu Signore il pane,George Kirbye,,"31,52",3scIuiikzuk
1819,15,Gloria in excelsis Deo,GenRosso - GenVerde,,23,ShsVThHp5kc
1636,15,Gloria a Dio,Francesco Buttazzo,Esulta il cielo,23,BxoLt2bPuhg
420,15,Sei grande Dio,Giosy Cento,Celebriamo la nostra speranza,31,o7jFRWGmjOk
353,15,Padre perdona,Gino Stefani Da Canto Gregoriano,,"21,4,11",RYszE486Vug
1841,15,Volto Santo di Cristo,Marco Frisina,Salvatore del mondo,4,
2324,15,Roccia di fedeltà,"RnS - Branca, Ciancia",Mi affido a te,26,Guo-5tDqxvQ
2613,15,Luce in Noi ,Francesco Buttazzo,Esultiamo nel Signore,"21,2,4,5,10,16",YHJ-rjfB9RY
2093,15,Il giorno più bello (La mia prima comunione),P. Tombolato/A. Di Mario,,"21,31,32,10",CfbUFlZAubo
2217,15,Benedirò il Signore in ogni tempo,"Fabio Avolio, Biagio Capacchione e Pasquale La Rocca",,"21,32",C5JVYd2HeDs
2459,15,A volto scoperto,Eman,Pietra Angolare,9,nqIKPj-Dr6I
2620,15,Com'è bello (dar lode al Signor),RnS - T.Howard B.Batstone,Davanti al Re,"21,32,14,52",7K7w-VjPJPI
2244,15,Che cosa mi manca,"Elena Storchi, Renato Giorgi e Valerio Antonioli",,10,
2856,14,Qui con Te,Jappo & Manu,,"28,31,9",EoR1rPdmMBY
68,14,Ave Maria,Gen Verde,,7,q_v8rry02lg
2229,14,Chiamati per nome v2,Gen Verde,,"21,5,20",EUG6KnGxpcc
1887,14,Esulta il cielo,"Francesco Buttazzo, Pasquale Dargenio",,"21,32,5",R6Qxg-zyKus
88,14,Camminerò,A. Marani,,"21,32,16",DWYlgjyqmX0
240,14,In comunione,Stefano Pianori,,31,EMH4PDL-Y5k
443,14,Su ali d’aquila,Michael Jancas,,"31,32",M24IfMH1PhU
237,14,Il Signore è vicino,---,,"2,9,17",jxOfyC2XOOg
39,14,"Alleluia, Signore sei venuto",Luciano Scaglianti,,"25,3",1d80_1YlrtE
2088,14,La tua anima è benedetta dal cielo,,,"31,32,7,15",
1836,14,Ecco la serva del Signore,Marco Frisina,Salvatore del mondo,7,eakmIDhzNyc
376,14,Questo è il mio comandamento,Marco Frisina,,"31,17",GpWbHepCdls
1668,14,Fiumi di misericordia,RnS,,"21,31,9",GKwjFtAZ2BM
1555,14,Il Signore della danza,,,10,1C5McbR0q1s
2227,14,Il dono del saio,Cionfoli,,"22,28,31,4,9,10,11,12,14,16,20,52",xTjf4BI-AbA
1740,14,Sei luce splendida,Daniele Semprini,,"21,3",pFSs5WNKo9Y
224,14,Il canto dell’amore,Federico Russo,,"31,20",Vz2OZMG19V4
2599,14,Inno allo Spirito,Pino Bordini,Mi dichiaro per Cristo ,"21,6",Df8X0hr-vrc
1565,14,Musica di festa,Ernest Sands - Paolo Iotti,,"21,32,10,15",B1ToVClFayo
2299,14,Narrano i cieli,Valmaggi,,"21,24,32,3,5,52",Xgv_nreJX8Q
2660,14,Canoni Vari,Autori Vari,,"9,11,14,18",
1925,14,Vedrai che bello," Stefano Colombo, Angelo Racz",,"32,10,20",8NJ-KurGG6A
47,14,Amare questa vita,G. Meregalli,,"21,20",tUE-GpZ4RmM
2797,14,The blessing,Kari Jobe,,"32,10,14,15",_51tRxWllME
3,14,Acclamate a Dio,RnS,Ad una voce,"21,24,14",FNomwQWxZeI
1771,14,La vita che nasce,F. Baggio,,"21,32,3,8,10",TLgJ_V2Z1iA
24,14,Alleluia di Natale,---,,"25,3",dFNb6gJu8yk
1574,14,"Signore, tu sei nostro amico",Francesco Buttazzo,,11,AuvCTxdss_0
264,14,L’acqua viva,Marco Frisina,,"8,17",W41QOKI20qE
2007,14,Viene il Signore,Marco Frisina,,"31,2",M4HpP9L3Aig
2000,14,O Croce Fedele ,Marco Frisina,,"31,4,5,9",YTpGbFpxjxg
2256,14,Oceani (dove i miei piedi possono fallire),Hillsong,,"31,14",W251tJ42igI
2245,14,E' la gioia che fa cantare,Antonella Mattei,,"21,6",S2C4SH2Raik
1715,14,Trasformi in Gesù,Giosy Cento ,,26,4m4K4q2fO8g
2101,14,"Padre, Maestro ed Amico",A. Lagorio,,"21,26,32,53",UD-OCNBgcg4
2460,14,Come un fiume,Gen verde,Il mistero pasquale,"26,4",9TfeVD-sTiA
116,14,Canterò per Te,Pino Fanelli,,31,6OHXxm1Dr18
2367,14,Volto dell'Uomo,Domenico Machetta,,"28,31,4",4YVuuIiZZDk
1924,14,Nella Chiesa del Signore,Michele Bonfitto,Sei grande nell'amore,21,nJZdikQPt7w
1355,14,Io dico il mio sì - Marco Guadin,Marco Guadin - Nuovi Orizzonti,,"21,26",X_VKYWaw694
335,14,Oggi ti chiamo,Pino Fanelli,,"21,20",fTSQlB1hTnI
2222,14,Tutto il mondo deve sapere,Gen Verde,Il Mistero Pasquale,"25,32,5",DxMOXCh1QLk
1551,14,Cantiamo con gioia,F.G.Pesare,,21,xtihi872yiw
198,14,Fragile pane,Giosy Cento,,"24,31",YaKwyjLKzE4
1913,14,Tornerà il Signor,J. Brunderschaft,,31,7lO3c_jKgR4
1999,14,Cose stupende ,Marco Frisina,,"21,7",JdaSR7DaEd8
1955,14,Tu sarai profeta (2),Marco Frisina,Tu sarai profeta,"21,31",3RlXWfB_ALI
1763,14,Ho abbandonato,Aldo Roscio,,"32,4,52",Jy757ygWMMA
1778,14,Apri i cieli,SDV worship,,"31,6,8",NfdUMMf8gwo
322,14,Noi con Te,Francesco Buttazzo - Alessandra Beltrami,,26,FPm6gt3zPM8
2037,14,Cuore a cuore,Canti evangelici,,15,EiB_40OG41s
267,14,L’unico maestro,Mattia Civico,,16,EPIi8vjmom8
1644,14,Santo Rock (Santo sei Signore),,,27,nPlmiEuPcZs
2355,14,Gustate e vedete,Ciravegna Dell'Orso,E' bello dal lode a Dio,"21,24,20",_fZhyRhYceA
2860,14,Sei tu Signore il mio Pastore,Giuseppe Tranchida,Sei l'amico che perdona,"24,10",EZ2JPLgeErA
2107,14,Giovani orizzonti,I. Valoppi,,,rnzItELf_gc
2239,14,Amore abbandonato,Gen Verde,Il Mistero Pasquale,"31,4",HWq2ajrE2hY
368,14,Prendi la mia vita,RnS,Davanti al Re,"31,9,13",cyCPsZlWwU0
266,14,L’anima mia magnifica il Signore,A. Innocenzi - A. Masacci,,"2,17",UTagWPxOtYc
1577,14,Manda il Tuo Spirito,RnS,,6,8a2IEWzOfRE
1966,14,Nozze a Cana,RnS,,"21,32,15,17,52",yUF5sbj7MCE
2458,14,Destinati all'eternità,RnS (F.G.Pesare - De Luca),,10,zpQ3MwAJYKY
2199,14,Con Francesco profeti tra la gente,Fra Giuseppe DI FATTA,,"21,32,10,16,20",DbXHi0wAs-E
1801,14,Tu vero pane della vita,Fabio Baggio,La vita che nasce,31,9VfmPmHwhmc
2143,14,E' un giorno di festa,Francesco Cioffi,,"21,32",ImhS_ZTMYsM
120,14,Canto a Te Maria,Gen Verde,,7,LBmVA-ClneU
326,14,Non cercate tra i morti,Angelo Lagorio,,"32,5,17",edRuRWlCMHE
210,14,Gloria,Giovanni Grazi - San Benedetto,,23,
279,14,Le mani alzate,Odette Vercruysse - Valentino Meloni,,26,
2293,14,Se tu mi ami Simone,Marco Frisina,Signore è il Suo nome,31,c3QYTBkofvs
503,14,Lode al Nome Tuo,RnS,,"21,9,10",fsdt3_akU_0
2586,14,Incontro a Te,Luigi Mariano,Venite a Me,"31,32",D1YikThEnw8
2618,14,Alleluia Padre Mio ,RnS - T.Cullen,Nelle tue mani,"22,31,5,10,52",UodRwIgIecQ
8,14,Acqua siamo noi,Giosy Cento,,"21,8",YZPaZqTi0EA
1956,14,Inno all'amore,Piera Cori,,"24,15",742M7TULBnM
2629,14,Grazie Signore,RnS - V.Nadolin,Dolce è lodarlo,"31,9,10,14,17,52",kRgapQg-sbU
1813,14,Vivi della sua pace,F. Baggio; G. Beltrami,,"30,32",tZUa6rV5lLw
2266,14,Passa ancora in mezzo a noi,RnS,Fuoco d'Amore,26,Wtr-lw8go8g
1900,14,Davanti a Te,Gianluigi Serapiglia,,26,
1730,14,Rallegrati Gerusalemme,Marco Frisina,,"21,4",u2oilYfIc9w
1622,14,Saldo è il mio cuore,Marco Frisina,,31,cG_-iab1xcI
234,14,Il Signore è il mio pastore,Davide Maria Turoldo - Ismaele Passoni - Bepi De Marzi,,"24,31",JYP678udLec
2120,14,Quello che Dio dice di me (versione italiana),Hillsong,,"32,10,11,12,14,16",wB5SGy3-leI
2455,14,Pane della vita,Giuseppe Tranchida,Con voci di gioia,"26,10",wHwd8M2E_AQ
362,14,Preghiera,Pino Fanelli,,"26,31",vR9X9jO5Zo8
298,14,Mani,Fabrizio Colombo,,"26,32,16",FexZCiC8SJw
1735,14,Santo (Do Re Mi),,,27,
253,14,Io non sono degno,Claudio Chieffo,È bella la strada,31,6pb9LFGAM2E
2591,14,La Casa,Gen Rosso,,21,Z5B15T-Fy9U
183,14,Ecco l’Uomo,Pierangelo Sequeri ,E mi sorprende,4,t41odL-M5sM
209,14,Gloria nell'alto dei cieli,Gen Verde - Gen Rosso ,Cerco il tuo volto,23,4TlehGtjlng
1695,14,Ho respirato il tuo sì,Giosy Cento,,"31,7",UutWaqhp4U8
2535,14,Il suo amore per me,Don Livio Tacchini,,"31,9",-nkZOZXmhxU
1898,14,Chiamati per nome,Gen Verde,,"21,5,20",EUG6KnGxpcc
13,14,Alla mensa del Signore,Francesco Buttazzo,,31,-EAvW73QRiE
2285,13,Dal profondo a Te grido,Marco Frisina,Tu sarai profeta,31,UYRtoAaqey8
136,13,Come Maria,Gen Rosso,Dove tu sei,"26,32,7",ncjXxoq-frE
2056,13,Ecco Signore,Nino Mancuso,,26,gVknZyvub_A
1800,13,Ti ringrazio mio Signore,Pierangelo Sequeri,Qui dove Tu ci chiami,"31,32,52",6YsclSgpECA
1613,13,Come un prodigio,Debora Vezzani,,31,KOSXHmMwJQI
1563,13,"Gloria a te, parola vivente","Daniele Semprini, Anna Maria Galliano",,"25,4",S2YOOg49nSU
134,13,Come fuoco vivo,Gen Rosso - Gen Verde,,"31,32,5",sdqAt9k2-oY
2014,13,"Maria, Maria (Piccola fanciulla)",N.C.,,"32,7,9,14",
2382,13,Alleluia a Colui che risuscitò ,RnS - D. Fishel,Sempre canterò,25,tNJA1b2zvT4
1558,13,Le tue meraviglie,"Chiara Casucci, Mite Balduzzi",,31,l2vWlp37UD0
1662,13,Creati per te,RnS (F G.Pesare),Cantiamo con gioia,"21,32",Kb62_O1fcn4
2572,13,Stringimi,Geoff Bullock,,"31,9",0juIsd4yxW0
2588,13,Come acqua,Comunità Gesù Risorto,,"31,4",mUOntKgiUuQ
2786,13,Muovi le montagne,RnS,Parla al mio Cuore,21,3lQeWQFdhWA
2247,13,Te Deum,RnS,,24,Ghh9yhJZasI
413,13,Se il Signore non costruisce la città,Maioli,,"21,24",
2017,13,Dal profondo,Spoladore,,"9,11,12",o5ijtaxrIM4
2412,13,"Ave, piena di grazia",Francesco Buttazzo,Gloria all'Emmanuele AAVV,7,Zzc5KZ-8Iec
1917,13,"Vieni, santo spirito di Dio",Francesco Buttazzo - Daniele Scarpa,,"21,6",2cvwfltc0v8
1681,13,Gesù mio buon pastore,RnS,,21,zo_SekAs5ZY
1716,13,Usami Signore,Benedetto Conte - Pietro Ferrante,,"6,9,52",
378,13,Re di gloria,F. Marranzino/A. De Luca,,"31,32",qN7IX3-Z0wo
2592,13,La casa sulla Roccia,Gen Rosso,La vita di ogni cosa,"21,31",yj9TtmyjmaE
1416,13,Ecco quel che abbiamo,Gen Verde,Accordi,26,Y4W3QWKOmYo
295,13,Madre io vorrei,Pierangelo Sequeri,E mi sorprende,"4,7,13",A1mXFg9sUo0
2284,13,Ecco il mio servo,Marco Frisina,,"21,26",cIpGh99N_10
1889,13,Ai piedi di Gesù (semplificata),Salvatore Martinez,,9,CYV8jlia5gs
2226,13,"Alleluia, Cristo è risorto",Paolo Auricchio,Alleluia è risorto,"21,31,32,5",7FcHTjMfhcY
9,13,Acqua sole e verità,Giosy Cento,,"31,8",jWbqt2VP0wM
1877,13,E' Santo,Daniele Ricci,il Dio della gioia,27,kjOhIbm8daE
350,13,Padre nostro di San Andrea (the sound of silence),"Musica da ""the sound of silence"" di paul simon",,29,fM4BsE5iKt4
1446,13,Ai piedi di Gesù,RnS - S.Martinez,Vittoria!,9,CYV8jlia5gs
1542,13,Ecco quel che abbiamo (v2),Gen Verde,Accordi,26,Y4W3QWKOmYo
2267,13,Ascolta Israele,Piera Cori,Come passi di danza,"21,4",DWSykMIacqY
273,13,La mia anima canta,Gen Verde,,7,sMAvV-uv8J8
2223,13,Un raggio splenderà,Padre Daniele Badiali,,"32,10,12,16,53",BBJZz11_clY
1794,13,Sei Dio,Gen Rosso,Dove Tu sei,"9,10,14",0D6F8fDunZw
1678,13,Io credo in te Gesù,RnS - Reuben Morgan,Io credo,9,uH0nDhf6LLQ
2023,13,Oggi è nato per noi,Buttazzo,,"24,3",AVbgYHlcPTg
2371,13,Inno GMG 2016,,,10,pLQbhtquBGI
1693,13,Ho la pace come un fiume,Musicassetta Alleluia - Paoline,,"21,32",I17k9t2H8_M
2745,13,Sei venuto dal cielo,Daniele Ricci,Sei venuto dal cielo,"26,31,3",x1q5ouXaQrU
2026,13,Tu un giorno,D. Machetta ,,"31,3",HdEZRTr8xus
2190,13,Cantico dell'agnello,Marco Frisina,,"25,71,5",BKdNqlnLmjY
2254,13,Grande è la Tua bontà ,RnS,,"31,14",4MeXA2ocsn0
206,13,Giovane donna,Luciano Scaglianti - Liliana Bancolini,,"32,2,7",v325wim3Ibo
2329,13,Non cercate tra i morti,Francesco Buttazzo,,5,l8yu6iXJfXM
27,13,"Alleluia, cantate al Signore",Gen Rosso,,"21,25,31,3,5",6EZWcYt6Wr8
2178,13,Porta le nostre preghiere,Daniele Esposito,,"32,7",AwsCJZD3b0A
2466,13,Alleluia,Domenico Machetta,"Sei con noi, uno di noi",25,e1k8EqfBzns
2260,13,Fammi conoscere,P. Ruaro,,"21,31",WGWJOqVAh9E
1635,13,Accogli nella tua bontà,RnS,Osanna,"26,14",7cI5qRTJxdQ
2742,13,Lode,Movimento Eucaristico Giovanile,Sulla strada per Emmaus,"21,14",T_gE9ZFXcBw
22,13,Alleluia al Redentore,RnS,Eterna è la Sua misericordia,"25,3,14",Bl65ILAGvyk
1905,13,Solo in Dio riposa l'anima mia,Frammenti di luce,,"21,31",
1620,13,La scelta di Maria,Mario Clemente (Comunità Gesù risorto),,7,fpjKnvQwkiU
1847,13,Ave Maria stella del mattino,Clericetti/ Mascagni,,"32,2,7,10,11,12,13,15,16,20",PP_FgfkM1CM
1751,13,E' un tetto la mano di Dio,M. Giombini,,"31,32,8,9,13,17,52",1EL02u89wkg
2717,13,In quei giorni,L. Scaglianti,Andiamo a Betlemme...,"21,3",UDKAkQJKMos
185,13,Eccomi,Marco Frisina ,Non temere,"21,24,10,13,17,20",Gg_CRwPwog4
1766,13,Io con voi,Claudio Chieffo,,"21,32,10",cwHjusGXzHc
1811,13,Vieni dal Libano,P. Marciani - N. Cometto,,"21,15",bPbi4SXd0MU
2320,13,Magnificat,Marco Frisina,Non temere,31,xfPFworDwG0
2484,13,Come la cerva - Salmo 41,Diego Montaiuti,,5,smoSK40Iels
1929,13,A te vorrei dire,Gen Rosso,La vita di ogni cosa,32,Xna5fGSXtAQ
2193,13,Beatitudini,Marco Frisina,Benedici il Signore,"31,17",HtHIeBPXH8w
1587,13,La mia preghiera elevo a Te,RnS,Grazie,"21,9",DtAG3rt2v-4
1943,13,Vieni o Spirito Creatore,P. Antonio Josue,,"21,6",S2C8rWnCfdg
2777,13,Tu sei il mio Dio (Meraviglioso),PDG Worship D.Cascio,,"31,9,11",QL7_sLKBXe0
2113,13,Con gioia veniamo a Te,"RnS - P.Ferrante, F.G.Pesare",Io scelgo Te,"21,31,8,10,12,15,20,52",u_kqLm53IKk
1851,13,Il mistero,Bracchi/Sicari,,"31,2,4,7,9,10,11,12,13,14,15,16,20",vQ9TjxVk1qQ
2080,13,Esultiamo in Te Gesù,Francesco Buttazzo,,"31,32,5",mYlQ3enubOo
2057,13,Gesù ricordati di me,RNS - Maurizio Colucci - Luciano Salvemini,,"25,4",-dWSbNp21eU
2400,13,Tu sei il mio Dio ,RnS - M. Delavan,Come Davide,"31,9,10",QGyyfIiyNEA
1708,13,Betlemme di Efrata,Pasquale Dargenio,,"31,2,3",yxxhELRAtOk
2551,13,Non c'è nessuno che,Rinnovamento Carismatico Cristiano,,"31,9",WCG0cdRzPzM
2312,13,Santo Santo,Giosy Cento,E' il giorno del Signore,27,IeKiRRfNyCw
2663,13,Dove s'alza un'onda,Gen Arcobaleno,,"21,32",DF1WttHLWqM
2764,13,Giovani Orizzonti,Ivo Valoppi,C'è da non crederci,53,caP9rPCIk20
2568,13,Il Signore in eterno ,,,"26,10,13",6hdC4PqQId0
1557,13,L’acqua la terra il cielo (in principio),,,"10,51",49S_dRor2KE
2192,13,Alleluia Padre Mio,RnS,Nelle Tue mani,25,N-pjp6CMbvY
2231,13,Tu sei per me,Gianlivio Bersigotti,,"31,9",WE47mdh7VXc
2666,13,Cristo nostra pace,Marco Frisina,Cristo nostra salvezza,"21,10",tAUlxyi4sSA
409,13,Santo il Signore,Daniele Ricci,E' l'incontro della vita,27,xRJt1mqgbMo
1862,13,Non Temere,Marco Frisina,Non temere,31,WiO10LM4PQY
419,13,Segni del tuo amore,Gen Rosso - Gen Verde,,26,Ou0wDlaHWPY
2758,13,Grida nuova umanità,Coro Tendopoli S. Gabriele,,32,jV9ZX8Edr0E
1767,13,Io scelgo Te,RnS,Venti dello Spirito,"10,15,20",akhS_jrYtdA
2643,13,Gloria al Signore che salva ,RnS - D. De Santis - F. Frigiola,Voglio vedere il tuo volto,14,dIEgB-sv6nQ
1788,13,Purificami o Signore (Salmo 50),A. Martorell,,"24,8,11,13",Tvmyj_Exujw
2721,13,Salmo 8,Guido Meregalli,,24,1JSFFVarUNg
2408,13,Absorbeat,S. Francesco d'Assisi,,"31,54",
259,13,Isaia 11,C. Rossi - S. Carocci,,"2,17",3TIkahEqejw
1576,13,Tu sei la perla preziosa,RnS,,"9,15",8j48Jn07_oM
1352,13,Abbracciami,RnS,Il canto del tuo popolo,31,fwSAsHU4kHM
2077,13,Giullare dei campi,P. Pignatelli,,"32,10,15",dQFU4Ynaioo
1908,13,Luce,Reale,,"31,32,3,10,20",
2219,13,Spalancate le porte a Cristo,,,21,FRflOghAJ4Y
46,13,Amar come Gesù amò (per avere la felicità),---,,31,_w4pBkQPgso
2132,13,Ora che il giorno finisce,Pierangelo Sequeri,,"11,52",Rsc0_3ZrqxY
1820,13,Alleluia - La tua parola,D. Machetta,Sei con noi uno di noi,25,e1k8EqfBzns
1937,13,Rallegratevi,Marco Frisina,Salvatore del mondo,5,BafSx44d5Yk
159,13,Dio Regna,Leonard E. Smith Jr.,,"21,2",PeX3pYIzgoU
2449,13,Al Signore canterò, D. Haas - M. Deflorian,Nella gioia della fede,"21,14",-HqBThklPK8
2673,13,Sei per noi cibo di eternità,Francesco Buttazzo,Sorgente di unità,"26,31,10",
227,13,Il figliol prodigo,Vittorio Nadalin,,"21,17",c3oRLXMQXE0
168,13,E' bello lodarti,Gen Verde,,"21,24,14",bKMp5GURE4I
1748,13,Benedetto Signore (Cerco solo Te),RnS,,"21,32,9,10,14,15",MXUZaioC9ps
1657,13,Parla al mio cuore,RnS,Parla al mio cuore,"31,14,20",WdXnwqJZhqY
23,13,Alleluia Canto per Cristo,Eugenio Costa,,"25,2",TObK5sUeuNI
2453,13,Grazie Gesù,Giulia e Tommaso Fasano,Festa di prima Comunione,"31,10",JCWXU2p21QI
2585,13,Canto di nozze,Daniele Ricci,E' l'amore che contaa,15,
193,13,Fede è,Don Franco De Marchi,,31,INfDNDju1LE
2204,13,Sollevate porte i vostri frontali,Marco Frisina,Stillate cieli dall'alto,"21,5",EXxRBpQ3RbA
125,13,Cerco la Tua voce,Gen Rosso,,"31,2",PflpSm4aDck
303,13,"Maria, vogliamo amarti",Gen Verde,Sulla via della speranza,"31,7",tLt1M47mGC8
297,13,Magnificat ’86,Gragnani - P. Cilia,,"31,2,7,17",vmaIvtnNBH4
1579,13,Signore cerchi i figli tuoi,Eugenio Costa - G. Del Treppo,,11,hI6cHpaqHWs
383,13,Resurrezione,Gen Rosso,,"21,32,5",eK8Z2VMTSp4
2360,13,Il Signore ci ha salvato,Roncari-Capello-Rossi,,"21,32,4,5,10",ambiloyj3bw
177,13,E pace intima,Gen Rosso,Se siamo uniti,31,C4H6iupfg3o
2308,13,In unità,Armani,,26,hsrGjF9yEoM
2163,12,Mi sentii pieno di gioia (Salmo 122),Lauro Zuffolini,,"21,24,2",091962VkPoI
1737,12,Potente sei mio Signor,RnS,,14,dyyQpFHLMms
1974,12,Infinitamente Grazie,A.De Luca,,"32,9,14,52",fQo9hH2Zhnk
1938,12,Venite saliamo al monte del Signore,Marco Frisina,Salvatore del mondo,"24,4",31AWNjoGyIo
359,12,Perchè Tu sei con me,Gen Verde,,"24,14",Ja9I81E1NLQ
2546,12,Manda il tuo spirito ,Marco Frisina,,6,KDNkxKLknAQ
1667,12,Cosa Offrirti,RnS,,26,mdvOucpzet0
1782,12,Padre mio,Gen Rosso,Dove tu sei,"22,31,4,11",KYGvctNw21o
2583,12,Il tuo grande amore,Cammino di Santità,,"31,9",pJhweqC24NA
1978,12,In Eterno Canterò,RnS,,"21,31,32",LX-xjoxNqHU
1979,12,Alla tua mensa,Martinez,,"31,4,5,13,20",Lq3wLoL8O18
2009,12,Camminiamo incontro al Signore,Galliano - Semprini,,"21,2",-VSZAKeNjtE
2029,12,Sommo e glorioso Dio,Francesco Cioffi,,"26,31",KIQZP4jTZYs
2073,12,L'amore del Padre,RNS,,"21,31,4,11,12,13",wpgBSswZmpU
10,12,Adesso è la pienezza,Daniele Ricci,,"21,3",vyDRdLmJsPI
2760,12,"Alleluia, Acclamiamo a te",D. Scarpa-F. Buttazzo,Vieni Soffio di Dio,25,a45xkB1avsc
371,12,Quale gioia (è star con Te),RnS,,"21,31,32,14",T2lHJ19nrmA
2502,12,Canzone di San Damiano,R.Ortolani,,54,JDBNTnvaT9I
220,12,Guarda questa offerta,Gen Rosso,,26,A8IhV8RvXmc
2191,12,Alleluia di Lourdes,,,25,7V8fqv25uqw
2059,12,Questo è il tempo,Daniele Semprini - Anna Maria Galliano,,"21,4",zL38oQKpIuo
2401,12,Benedictus ,RnS - S. Martinez,Shalom,"21,24,31,32,2,3",eQDSesAoy40
2052,12,Il mio posto,Daniele Ricci - Don Ottorino Zanon,,"21,32,14,20",JQC2DAxuvRs
52,12,Andate per le strade,Angelo Roncari - Lorenzo Capello - Giovanni M. Rossi,,"32,16,17",PAMled5AWo4
2430,12,Dolce signora dell'alleanza,Ricci - Galliano,Un patto d'amore,"26,7,15",3EMlAgu8gdI
1785,12,Pane di vita,F.Marranzino-F.G.Pesare,,31,XRm86zkOCL8
2115,12,Canto di contrizione,Valmaggi,,"21,22,4,10,11,12",C46h4rDUu4g
1947,12,Aprite le porte,Comunità Cenacolo,,10,q5YMlM3q0Hc
451,12,"Te, al centro del mio cuore",Gen Verde,E' bello lodarti,31,QEOyKmMbb_0
2111,12,Alleluia Gesù,Daniele Ricci,,"21,5",CuVlJjGYowY
1797,12,"Signore, fa di me uno strumento",M. Gonzo,,"26,30",ZcE3A3qbMnU
2262,12,Maria speranza nostra,Matteo Zambuto,Maria speranza nostra,32,BCh3xGkWRZ0
2027,12,Mano potente,RnS,,"31,16,20",93OhQlCzhAg
2109,12,Apri le braccia al futuro,ignoto,,"32,10,53",7XeBcQu1tlM
257,12,Io vedo il Re,RnS,,"21,31",7QfRRvqMpA0
2099,12,Sai fischiare?,Verdi Note dell'Antoniano,Estate Ragazzi con Le Verdi Note dell'Antoniano,"32,10,53",syyrdbH7Ha8
2450,12,Bellezza sei Tu,Fra Giuseppe Di Fatta,Viva immagine di Te,"32,10,14,52,54",RnH-WWowomg
2188,12,Io quante volte,Pierangelo Sequieri,,"22,11,12",9v4rs4-A2FE
2265,12,Gloria,Berthier,,23,ZRAzX3fqD6I
2315,12,Il cieco di Siloe,-,,4,
425,12,Shalom,Beny Conte - G. Ferrante,,30,Hr-Fk0pSzJs
2750,12,Riuniti nel suo nome,Zardini,,"29,52",CUVi2y0f8uo
1793,12,Canzone di Maria chiara (Se non ritornerete),Claudio Chieffo,,"31,10,17",0P_dF_y9kKI
2118,12,Santo (Dio del Cielo),Spoladore,,"27,5,6,10,14,15,20",E7sfZZ6O71E
2473,12,In trasparenza,Gen Arcobaleno,,"32,7",-ie1_UO_XzU
2752,12,Per accendere in cuore la speranza,"Nico Dal Molin, Pierangelo Ruaro, Sereno Ruaro",,"31,5,6",
135,12,Come l’aurora verrai,Gen Verde,,"21,31,2",eFKH1aggk6I
1991,12,O madre del signore,Rns,,"32,7",Bu301OvL2yM
377,12,Rallegriamoci,F. Baggio - F. Buttazzo - M. Zambuto - P. Auricchio,,"21,32,3",ACSaz6hnuWM
445,12,Svegliati o Sion,Comunità Shalom,,32,xplsBssBiyQ
1934,12,Altissimo,Paolo Spoladore,,"31,9",cqw5UMWumjo
355,12,Pane del cielo,Gen Rosso,,31,TCp7ociVfvU
1855,12,"Cantate al Signore, cantatelo nei secoli",Comunione e Liberazione,,"21,24,31,32,10,12,14,15,16,52",
1816,12,Figlia di Sion,V. Nadalin,,"21,15,20",M1Gd8azVT10
2332,12,Osanna al Figlio di David (v2),Musica: P. Damilano - Testo: A. Gazzera (1959),,"21,4",NPafLS9QHH8
2005,12,Tu quando verrai,"Poma, Fant, Croft",,"21,32,2",W5fM08PGg34
2393,12,Io credo in te Gesù (v2),RnS - Reuben Morgan,Io credo,9,GMVZtZBRHWw
1702,12,Questo è il mio corpo,Janet Lunt,,31,1oU-F5CMais
268,12,L’uomo nuovo,Juan Antonio Espinosa,,"31,32,4,12",r31LIvPfb50
2062,12,Canoni - Il Signore è la mia forza,Taizè,,"31,32,4,9,11,18",xyd9gSAKYXU
1621,12,Occhi di cielo,Comunità Gesù risorto,,7,mOxH2kigi8c
1951,12,"Agnello di Dio, abbi pietà",Daniele Ricci - Venne Nel Mondo,,71,eoYN_mTZzi0
2201,12,Meraviglioso,Kantiere Kairòs,,"31,9",k3lmt4kV6bc
393,12,San Damiano,Riz Ortolani - Benjamin,,"31,9",-S4SJ7ebpt8
1987,12,Canto dei tre giovani,Rns,,"21,10,14",z2HssXS5A_0
2011,12,Nostra Signora della speranza,Paolo Spoladore,,"32,7",GsetkoAiapE
2504,12,Chiara è la tua sorgente,Pierangelo Sequeri,Mentre è ancora giorno,"7,14",woiIAIiLgR0
1455,12,Questa è la mia fede,Daniele Branca,,"21,32",gUr63N1JtdE
276,12,"La Sua, la nostra Messa",Gen Rosso,Noi veniamo a te,26,j8M9c3-XfOU
2302,12,Il deserto fiorirà,Marco Frisina,Non temere,"21,2",WZ8GCddPj5I
1810,12,Annunciazione,Gen Verde,,"21,7,10,17",3Mf1TEKxkZE
2674,12,La Madre,Gen Rosso,Se siamo uniti,"31,32,7",PEevxYV2vhM
492,12,Vivere la vita,Gen Verde,E' bello lodarti,"21,31,32,16",Tq4pPkWwzA4
2391,12,Lode ed esortazione,Fra Giuseppe Di Fatta,,"31,9,12,52,54",w1eVSZtDZ5U
2242,12,In questo giorno di luce,Buttazzo,E' nato il Salvatore,"26,3",u2WVfT8iqS0
2224,12,Partirò,Padre Daniele Badiali,,"32,10,12,16,53",bEcAxlniZXw
2363,12,Ave Maria ,RnS - M.E. Gialloreti - C. Rossi,Sempre canterò,"32,7",fY5ONyvb2U4
1703,12,Solo per grazia,Gerrit Gustafson,,"31,9",mpma2WfQ9KM
83,12,Benedici o Signore,Gen Rosso,,26,dM2Wyjj4k3Y
2554,12,Ora e per sempre (Over and over),SDV worship (Paul Baloche),,"21,6",140_hNosWJQ
1998,12,Celebra il Signore Terra tutta,Marco Frisina,Stillate cieli dall'alto,"21,31",bZPwEMiIFOs
1664,12,Vero cibo è il tuo corpo,RnS,Mi arrendo al tuo amore,31,MT5d5ErYJ10
2344,12,Trisaghion,Marco Frisina,Tu sei bellezza,31,cvmONd6ZH0s
2462,12,Alleluia con il cuore,Francesco Buttazzo,Alla tua festa,25,Mt_9jaG512I
2241,12,Io vi do un grande esempio,"D. Haas & Marco Deflorian, Marco Deflorian",,4,lFk0JxT9rFY
2208,12,Vieni Santo Spirito,Gen Verde,,"21,26,31,6,10,19",QGNjaSspl4k
2445,12,Proteggimi o Dio (Salmo 15(16)),Alberto Galotta,,"24,5",RTHo6joY1MM
1731,12,Emmanuele vieni tra noi,"Paolo Auricchio, Fabio Baggio",,"21,26,31,3",R1ZL_bYmSCg
1663,12,Ti dono il mio cuore Gesù,Figli del divino amore,,"26,9",c9axeY5W97s
1757,12,Chi ha sete,Charles Christmas,,"21,32,8,14",3nan-Ia009M
2541,12,Lascia che il tuo fiume,Renata Tosi & David Brian,,"21,14",q2_wzwZB_NM
441,12,Spirito di Dio (Consacrami),Tiziana Rangani - Gianni Soldano,,6,IvkovN4Hkqo
2411,12,Alla porta del mio cuore,"RnS - G.Sanfratello, R.Mangione",Dio dell'impossibile,9,plK5T1ViwLE
235,12,Il Signore è la Luce,Marcello Giombini,,31,rdQD6Td2aro
152,12,Davanti a questo amore,RnS - Conte/De Luca,,"31,4,5,13",hlTny87LIq8
1545,12,Acclamate al Signore,RnS (Pasquale Rinaldi),Gerico,"21,31",KYFjP2jCGK4
1843,12,Il nostro cuore non si è perduto,Roberto Grotti,,"21,31,32,2,4,10,14,16,20",kBiGsbBzfNI
176,12,E' Natale,Castellacci - Biagioli - Paulicelli,,3,APbW-zAelxo
1762,12,La ballata dell'amore vero,Claudio Chieffo,,"10,15",nC27N0dOF80
288,12,"Lode a Te, o Cristo",Gen Verde,,25,IJetjvctQwM
480,12,Vi amo così,M. Brusati - M. Versaci,,"31,32",QErFrdcT4RA
278,12,"Laudato sii, o mi Signore",---,,31,Rla81AGiir0
1726,12,Prepariamo la via al Signore,Francesco Buttazzo,"Maranathà, vieni Signore","21,2",pPkha6utNBU
1645,11,Agnello di Dio,Tommaso Bailo,A Te veniamo con gioia,71,40APxYacGXQ
1791,11,Quando nasce un bambino ,Marcello Giombini,Cantata del Terzo Mondo,"21,32,3,8,16",XrU2AFOcTcM
2442,11,Come il fiume,Domenico Machetta,"CANTI PER LA PREGHIERA DEI GIOVANI - Sei con noi, uno di noi",26,oPqySizQeYw
2623,11,Eterno Signor,"RnS - G.Sadler, J.Harvill",Risplendi Gerusalemme,"21,32,14,52",dOz_FPcrfp8
497,11,Voi siete di Dio,Mite Balduzzi,,"21,26,32,8",TTVG8A9cGKQ
1710,11,Spezziamo il pane ,Chris Rolinson,,31,wsa2qtnfRfk
337,11,Ogni mia parola,Gen Verde,,"21,17",sT1ueZpSuxo
423,11,Servo per amore,Gen Rosso,,"26,7,16",GOnLKL34q0E
1655,11,Eccomi Gesù,Gen Verde,,21,Q4yTljPzIZs
1389,11,Non per forza,---,,"22,24",O1HZT01UGmU
1902,11,Confidiamo in te,Figli del Divino Amore,,"21,31,6,20,52",
2552,11,Nel nome di Gesù,Darlene Zschech,,14,aV9cP5gWG6Q
2436,11,Anche tu sei mio fratello,Pino Tombolato - Angelo Di Mario,Nessuno è solo al mondo,"32,10,51",7QViotWGhM0
2028,11,Ave Maria,Salvatore Basilotta,,"26,32,7",JI_MF2J5iSs
188,11,Emmanuel,M. Brusati/M. Labellarte/M. Mammoli/M. Versaci,,"21,32,5,20",V3D9ZTdNmr8
1701,11,Sono il Signor che ti guarisce,Don Moen,,"31,9",-k3uz0mmmkE
1882,11,"Alleluia, è risorto il Signor",Fabio Baggio,"Alleluia, è risorto","21,32,5",1Bbg0fYEcpg
2098,11,"Spirito Santo, dolce presenza",RnS,,"31,6,9,16,19",Bb2WHAiP5SM
301,11,Rimani con me,Compagnia Aquero,,7,Ju8QKH3VV8k
2480,11,Eloì,Comunità Maria,,4,ME1zNQ80gKs
315,11,Nei cieli un grido risuonò,Gino Stefani - Greiter,,"21,5",1YWB2ztVVk4
2182,11,Sotto la Tua croce,Gianlivio Bersigotti,,"31,9",2XWFqM8CbzU
2381,11,Il Signore è mio pastore  (Salmo 22),M. Valmaggi,Salmi per la preghiera,24,FdJaa_mTjWQ
2006,11,Innalzate nei cieli lo sguardo,Albisetti - Martorelli,,"21,31,2",lHcob8FGOoM
2374,11,Facci sognare!,F. Ferrario,,"32,53",2j_8JjjndPU
2103,11,Un sogno che vola,Maurizio Palazzo,,"32,10,53",v6DPyjT9Qjs
2417,11,A te nostro Padre,A. Vitalini-Lavagna,,26,OBLCWXOyOGY
1383,11,Nel nome del Padre,R.Paulo,,21,wkzhZu1eBkM
2212,11,Alleluia (Canta con gioia),Daniele Esposito,,25,aA8R_XOHmAM
2580,11,Beato il cuore che perdona (inno GMG 2016),Valerio Ciprì,,"31,16",JHfNDEqr_hY
1893,11,Canterò le meraviglie del Signor,"Paolo Ciccarelli, Emilio Munda",,"31,5",esPHLbrdYvg
2164,11,Trasformaci in te,"S. Mazzarisi, M. Palmitessa",Tu vieni in mezzo a noi,"26,2",NYyvnlzPopA
1685,11,Corpo di Gesù,M. Penhard,,31,LKp7C_R0SEg
2420,11,Rimani con noi ,Michele Bonfitto,,"31,32",7A6309X6oD8
1478,11,Servire è regnare,Gen  Verde,,"26,4",U_xd0EgZKUg
2451,11,Ballata per Maria ,Roberto Bignoli,Una voce per la speranza,"7,10",bt7jWPZHKdA
2478,11,Cristo Re,RnS - Nicola Montuosi,Mi affido a te,31,_BUs4qF81Vg
2378,11,Saremo sempre amici,M. Emberti Gialloreti-A.M. Galliano,Incontro con Gesù,"21,2,3,5,10",
1648,11,Agnello di Dio,RnS,Ad una voce,71,NWf9fg9rF8s
1611,11,Santo (Jesus Christ Superstar),Jesus Christ Superstar,,27,5c8XAW-eIa0
1746,11,"Alleluia, oggi è nato",Francesco Buttazzo,,"25,3",OiGxLIF-pPQ
1741,11,Abbiamo trovato il Messia,Domenico Machetta,Una voce che ti cerca,"21,32,3,4,12,16",qyYnqsZEJvk
1743,11,Agnello di Dio,Piera Cori,,71,4OSvVUH6AJ4
1656,11,Ave dolce Maria,"RnS - D.Branca, L.Ciancio",Parla al mio cuore,7,xCQr3qg9uDw
2419,11,Vieni fratello (il Padre ci chiama),A. Lagorio,Nella casa del Padre,"21,32",FwHQOBW1sU4
2772,11,Cammineremo nella libertà,Giosy Cento,,"32,10,18",V4GYFPcHUU8
2768,11,La mano nella tua,Pierangelo Sequeri,Qui dove Tu ci chiami,"26,31,9,10,11",mIk1dgAUotI
1582,11,"Agnello di Dio, abbi pietà",Pasquale Dargenio,Sorgente di vita,71,gk9iCq9b4gQ
2079,11,Regina dei cieli,Sconosciuto,,"32,5",UaRjL-m4sdM
2654,11,Gesù ti adoro,Laura Gafforio,,"31,9",5GYNOygv-Ok
2604,11,Gerico Cadrà,RnS - R.Gillard,La mia voce sale a Dio,"21,32",AF1BN5U3IaA
506,11,Voi siete di Dio (v2),Mite Balduzzi,,"21,26,32,8",TTVG8A9cGKQ
1682,11,Benedetto sei Tu,Gen Verde,,26,IyXjms-qnHg
1930,11,Evviva Rita!,canto popolare (musica di Noi vogliam Dio),,"21,32,10",MI6GnnHSu1Q
137,11,Come Tu mi vuoi,RnS - D.Branca,Io scelgo Te,31,rs-cOyy-5MQ
1670,11,Cerco il tuo volto Signore,RnS,,"9,14",EHFBMfpbMdo
2368,11,O dolce legno,Antonella ed Elisella Martinelli,,"4,9",I-rIV4uwO7o
2463,11,Agnello di Dio ,Picchi,,71,lPaQk03EUP8
2158,11,Alleluia è tempo della gioia,Daniele Ricci,Maranatha vieni Signore,"25,2",OtcQFYG1yKg
2146,11,E' bello star qui (Que bien se esta aqui),Athena,Todo es tujo,"21,31,6,9,14",-62xDmu10II
2038,11,Salve o Dolce Vergine,Marco Frisina,Non temere,"31,7",WcflrXChefQ
2030,11,In cammino,Paolo Spoladore,,"21,10,14,16,20",4da8_PP7cEM
2149,11,Getsemani,Daniele Ricci,,4,rrbzYpn0C_o
1754,11,Agnello di Dio,Gen Rosso ,Dove tu sei,71,cG_qku6yqiE
1571,11,Segni nuovi,Gen Rosso,,"21,32",IMs8aVNmfuo
2258,11,Dal cielo scende la benedizione,,,"9,10",5AiKoKm-K3A
1690,11,Gloria al re dei re,RnS,,"21,32,14",rzDU9ulooUI
2558,11,Inno a Sant'Isidoro Agricoltore,Grimoaldo Macchia,,"21,32",CtFPJrpy8HQ
1892,11,Signora della pace,Paolo Spoladore,Così,"30,32,7",l-z4s3MwF54
2435,11,"Sei pura, sei pia",S. Alfonso M. De Liguori - Perosi,Le canzoncine spirituali di S. Alfonso,"32,7",B6jc0lDZ-G0
2274,11,Santo santo sei,,,27,
2679,11,Prodigio d'amore,RnS - Dante Balbo,Luce,"31,9",tgJn1qioiuw
2622,11,Dalla tristezza alla danza,RnS - T.Walker,Risplendi Gerusalemme,"21,32,14,52",sfaDQMOXfh4
2316,11,Padre m'abbandono a te,Charles de Foucauld – G. Caporilli,,"26,4",
2538,11,Io Ti adoro (Versione italiana),Hillsong,,14,j-0YLmZuNkA
1658,11,Signore pietà,Giosy Cento,,22,6dAuZYm3Lug
1872,11,Rimani con noi,RnS,Ti seguirò,5,j8iZMp-iMj0
2743,11,L'uomo alla sua mensa,Movimento Eucaristico Giovanile,Sulla strada per Emmaus,26,W1EfRmqSIic
2180,11,L'offerta,Daniele Esposito,,"26,4",rNIX9HwCOE4
67,11,Ave Maria,Pierangelo Sequeri,,7,TRqm7r46W0c
1647,11,Stasera sono a mani vuote,Luisa Pecchi,,"26,4",brFD8U0FpG0
246,11,Insieme è più bello,Gen Verde,,"31,32",TqSOTegT2Jg
1704,11,Il Signore è vicino,"Galliano, Semprini",,"21,2",8G4DT4vOuWY
2326,11,Tu sei qui,RnS - G.Bonelli,Io ti seguirò,"21,31",6OXAMSdADts
2321,11,Resta con noi,Marco Frisina,Tu sei bellezza,26,UX1C-3v6OPY
1607,11,Cantate al Signore,Matteo Fallorni,,"21,14",eP5Fm9nrLvU
12,11,Agnello di Dio,Comunità Shalom,,"71,18",hVslQF16AWQ
2370,11,Il Magnificat,Gen Verde,Gratitudine,"32,7",bjd5OCuf9vY
1992,11,Spirito Santo (Espiritus Santo),Athena,Me basta Tu gracia,"9,10",jtt7zyFeNls
141,11,Con il mio canto,Pierangelo Sequeri ,E mi sorprende,32,2Y8Di7zVS8w
2249,11,Ave Maria,Marco Frisina,Non temere,7,BYXzdfcz404
2740,11,Lodate Dio,M. Mellino,Sono giovane Signore,"21,14",Q4_I0FB-FAQ
2404,11,Fuoco che consuma,RnS - Randy N. Wright,Shalom,"6,9",TbYrB4iP274
1790,11,Quando cammino per il mondo,M. Giombini,,32,ca4qoOhMxR0
2100,11,Salve dolce Vergine,Marco Frisina,Non temere,"21,26,32,7",WcflrXChefQ
1646,11,Agnello di Dio,Avolio-Capacchione-La Rocca,Festa con Gesù,71,G12BNPCDSj4
1625,11,"Canterò ""I will Sing""",Don Moen,,"21,31,9",TPCeSkLBv1w
1821,11,"Santo, Santo, Santo",Antonio Josue,,27,1HK5Tl0AzG4
1768,11,Io ti offro,Marcello Giombini,La Messa dei Giovani (Messa Beat),26,pYcdTkiREAs
2633,11,Salmo 50 ,RnS - V.Bettelli ,Eterna è la sua misericordia,"31,9,11",jrTyTLsTVsM
2221,11,Cantico delle creature,Branduardi,,"28,31,32",2vIzGZg7iss
2197,11,Vergine Madre,Marco Frisina,Vergine Madre,7,
2788,11,Chi mi seguirà,Antonio Parisi,Domeniche di quaresima A,"21,31,4",uF4SASFyvCQ
2012,11,Ti offriamo Signore,Spoladore,,"26,2,9,10,12,14,15,52",V2_6hSgxFRg
2170,11,Tu vieni signore,"S. Mazzarisi, M. Palmitessa",Tu vieni in mezzo a noi,"31,2",RhLrErFUEQk
2216,11,Ave Maria (offro a te il mio canto),,,"32,7",
1679,11,Dal tronco di Jesse,"F. Baggio, F. Buttazzo, D. Ricci, D. Semprini",,"21,2",vpuAulKxEh4
1842,11,Gloria e lode a te,Marco Frisina,Salvatore del mondo,4,xmUvXv2GrWM
1896,11,Lode gloriosa,SDV worship,,31,
1546,11,Alleluia (Celtico),Fintan O’Carroll,,25,GJlzoz0d9Qs
1890,11,Anima di Cristo,RnS,Voglio vedere il tuo volto,"26,31,9,10",KLqxm064syo
1549,11,Canta con noi (v2),---,,10,Lqjqa1l5D0E
1639,11,Mi perdo nel tuo amore,RnS,Mi Salverai,"31,9,52",CVdiOqoKn1w
2091,11,Santo ,Gen rosso-verde,,"27,14",Hh4PX1BnyJY
1864,10,Ecco l'uomo (Uomo della Croce - forma breve),Pierangelo Sequeri,,"31,4,10",mY_d628hlJc
2186,10,Agnello di Dio Exsultet,Daniele Esposito,,71,I2p7D0mQViM
401,10,Santo,Michele Bonfitto ,Sei grande nell'amore,27,XwgdEXPZ4js
1897,10,Signore pietà,Gen Rosso,Dove tu sei,22,uXLPP0-EVNk
1860,10,Gesù è vivo,RnS,,"21,32,5",7RGECxEYpUA
319,10,Nelle mani della Creazione,Giosy Cento,,26,1PQi7UZNjgo
2415,10,Quando lo spirito ,RnS Margaret Evans,Spirito Santo Vieni!,"21,32,9",h6boHiv50V0
2147,10,Danza la vita,M. Monnetti,,"32,51",Gx28CCKcyK0
394,10,Santa Maria del cammino,Renato D’andrea - Juan Antonio Espinosa,,"32,7",EyIpjjhjyII
28,10,"Alleluia, chi ascolta",Francesco Buttazzo,,25,6GlSrXdZx90
2751,10,Tu qui,"Paolo Paci, Duilio Preti",Insieme Blu (1984),"31,5,15,20,52",
2350,10,Benedetto sei Signor ,Avolio-Capacchione-La Rocca,Festa con Gesù,26,9NNWFFMZyW0
1629,10,Ci inviti alla tua festa,Francesco Buttazzo,Alla tua festa,"21,31",S7HOOFAXTHI
130,10,Col Tuo amor,RnS,Dio della mia lode,"32,9,11",MFDDZdmpDq8
1873,10,E' festa grande ,Giosy Cento,,"21,15",5z7PL8ZY1sg
1993,10,Maria (Quando l'amor),Gen Rosso,,"21,32,7",4d9El038smA
406,10,Santo (Osanna Eh),Da Tradizionale Zairese,,27,Qr6PFoDRYIE
365,10,Preghiera semplice,---,,30,T-bMkXvoFKU
1940,10,Gloria a Dio,V. Antonioili - R. Giorgi,,23,gKtTLNdXtfU
2335,10,Santo il Signore,Pasquale Dargenio,Sorgente di vita,27,iA-XewgTZ7A
1865,10,Osanna al Figlio di David," A. Gazzera, P. Damilano",,"21,4,10",WMRuowq3nko
2373,10,Io ho una gioia nel cuore ,Canto popolare dell’America Latina.,RnS,"21,2,3,5,14,52",38wTq8ms47E
2035,10,Compromettersi per Cristo,Giosy Cento,,"31,11,12,16,17,20",l67BAV0gJBo
1909,10,Agnello di Dio,Renato Giorgi,,22,
2526,10,Grazie Gesù,Francesco Biagini,,14,k2cIb1DcM4Q
1632,10,Agnello di Dio,Tradizionale,,71,
154,10,Davanti al Re,RnS,Davanti al Re,3,aki9qAeylMU
2456,10,Salga da questo altare,S. Albisetti - L. Picchi,"Rivista ""Psallite! Musica e Liturgia""",26,T3P1RM65yCI
1573,10,Sei libertà,Anna Maria Galliano - Rino Farruggio,,5,qApweMbGTpQ
1687,10,Gesù dolce musica,RnS,Davanti al Re,"9,52",1CcQWWAOhwM
2437,10,Pace,Rita Mazzocco,Celebriamo la nostra speranza,30,EbAB6ghGZhU
2261,10,Pane per noi spezzato,C. Walker - M. Deflorian ,,"31,4",xMCJNtdQwxw
422,10,Semina la Pace,Gen Rosso,,30,SOlxYUcz7BM
459,10,Ti ringraziamo,Gen Verde,Gratitudine,"26,32",6OKVjp-6GUY
1945,10,Agnello di Dio,Salvatore Basilotta,,71,0fyZwv2MdYs
2271,10,Luce Gentile,Maurizio Fiaschi - Achille Tronconi,,"31,2,4,12",didb5HV4j-E
2203,10,Cantico delle creature,Marco Frisina,Tu sei bellezza,31,tRJBo4xxdwk
1839,10,Se il chicco di frumento,Domenico Machetta,,"26,2,3,4,5,10",THmqpVOQ7yA
238,10,Il Signore mi guardi e mi benedica,---,,21,ucidkZTkWnM
25,10,Alleluia e poi,Luca Diliberto - Giuliana Monti,,25,EDx_aUkb-xQ
2601,10,Un canto il cuor,Stuart K. Hine,,"21,9,14,52",SMXCMX-F4bw
490,10,Vieni Spirito Forza dall'alto,Roland Patzleiner - Figli del Divino Amore,,6,OTf1E6wL31k
1569,10,Stai con me,RnS,,9,o9ytftb0p4w
2213,10,Santo (Come fuoco vivo) v2,Gen Rosso,,27,Hh4PX1BnyJY
2424,10,Mio rifugio sei tu,Nicola Montuori,Ninna nanna a Gesù 2020,"9,10,52",qa25QBAC0rs
2044,10,Davanti a te Gesu',Servi di Cristo vivo,,"28,31,9,10",
1915,10,Agnello di Dio (da Sorgente di unità),Francesco Buttazzo,,71,QL8vus9_Ni4
1628,10,Madre dolcissima,Gen Rosso,,7,5TqndHiAru4
2642,10,Volgete gli occhi ,RnS - Jean Luc Moens,Benedici il Signor,"21,52",fXXvEFGg4Ms
2511,10,Dio farà un via ,Corrado Salmè,Infuocati per Dio,31,zMbtDfqxmPY
1852,10,Perdonami mio Signore,Claudio Chieffo,,"21,22,4,11,12",eD7uk0NkAzQ
2275,10,Tu mi hai sedotto,"Giuseppe Cucuzza, Mari Pia Culella",,31,JmihOyqA6r4
14,10,Alla Tua presenza,Fabio Tiddia,,"21,31",piAK9gyfQQI
1604,10,Pane che non sei più pane,D. Deo  M.Chiudina,,31,ghYjq0mIhD8
2621,10,Cristo vive in me,RnS - Canto popolare america latina,,"31,18",ZKDa7COIw68
2137,10,Cantiamo insieme al Signore,RnS,Fuoco d'Amore,"21,14",uYrHS8lAt6Q
2117,10,Avrai cura di noi,Benedetti Anna,,5,5Iv8wTnl0FQ
1828,10,Tu mi conosci,,,31,
2255,10,Lode a te o Cristo,Marco Frisina,O Croce nostra speranza,"25,4",0EhVqAB1C88
2048,10,Beati voi,Giosy Cento,,"21,31",d3gRXkwijEo
1880,10,E la strada si apre,Gen Arcobaleno,,"31,32",nOBr4QsBclU
2767,10,Dite alla gente,G.Meregalli,Mi hai tenuto per mano,"21,31,32,3,10,14",VFeCqLeqUbM
1795,10,Sei giunto da molto lontano,L. Scaglianti,,"4,10,17",380urOVvKdA
1660,10,Spirito Santo (Fiume di Pace),,,"6,9",4GCLs9VqNEk
2656,10,Gabriele tu,Giosy Cento,,"21,32,10",tTDI0qSPAsg
1744,10,Agnello di Dio,M. Palmitessa,Riuniti nel tuo nome,71,GL2AgO9tD9E
1923,10,Santo Santo,Francesco Buttazzo,Sorgente di unità,27,WFvyoqj9DtM
2084,10,Signore Pietà,Daniele Ricci,E' l'incontro della vita,"22,4,5",JKSUOlt1_CA
42,10,Alto e Glorioso Dio,Marco Frisina,,"21,31",lYUBqD3w3oA
2515,10,E Nasce il sole,--,,"32,51",DfHPn13b-WA
2323,10,Risplendi Gerusalemme,RnS - B. Conte - G. Ferrante,Risplendi Gerusalemme,"21,26",Qmfg2Y4_ArU
29,10,"Alleluia, chi ascolta le mie parole",Comunità Spello,,25,L8i12jL3X-k
222,10,I Tuoi passi,padre daniele ,,16,nuXAjKJo_A4
397,10,Santo,Gen Rosso / Gen Verde,Come fuoco vivo,27,Hh4PX1BnyJY
2376,10,"Apocalisse 19,6",RnS - M. Emberti Gialloreti-C. Rossi,Sempre canterò,"25,5",zLJaWJWXVyo
449,10,Tacita notte,---,,3,
2281,10,E' Risorto,Gen Verde ,Il Mistero Pasquale,"21,31,5",IBObKrD9Esw
1742,10,Agnello di Dio,Buttazzo - Dargenio,Esulta il cielo,71,Zt6pb2xh5kU
1609,10,Madre del cielo,Roland Patzleiner - Figli del Divino Amore,,"32,7",IHv3VLZ7KUw
2423,10,Dell'aurora Tu sorgi più bella (v2),Rivisitazione Compagnia Aquero ,Messa dei giovani,"32,7",nc2gK72gQ7c
2557,10,Per sempre canterò il tuo nome,Cammino di santità,,31,lwx4UH004Vk
2470,10,Spirito Santo cuore dell'umanità,RnS - F. Marranzino,L'Amore del Padre,"6,9",9pS3kpqkNvg
1818,10,Ciò che Dio ha fatto in me,Morning Star,,"8,15,52",HPCZGn_f9JI
2475,10,"Alleluia, ecco lo sposo",Ricci - Galliano,Un patto d'amore,"25,15",A2RkcfjVBYw
2317,10,L'uomo dei dolori,L. Scaglianti ,Un volto d'uomo,"31,4",CvgtFhV1Kdw
1912,10,Agnello di Dio,Giosy Cento,,71,TRjrNXPZIUI
2578,10,Veglia al bambino Gesù,Tradizionale,,3,8j00v_PdMek
2574,10,Ti parlerò di me,Reale,Come nessun altro,"31,11,12",Y0seKXi7a0Q
2658,10,È nato Dio per noi,A.Benedetti e G.Anselmi,EccoPercheCanto,3,QPMauMN_qEA
17,10,Alleluia è risorto,Gen Rosso,Noi veniamo a Te,"25,5",Njn5BYHnaU0
318,10,Nella Tua tenda,Giuseppe Carrisi,,31,iuD4ZzY3vLc
2343,10,Signore pietà,Giuseppe Tranchida,Resta con noi Gesù,22,5fN1wAkUfIA
66,10,Ave donna Maria,Oratorio di Arese,Beata te che hai creduto,7,uSVKgm9atwc
1750,10,"Come è bello, come da gioia. Sal 132(133)",Kiko Arguello,,"21,24,10,16",RGgdzMQZCwg
2357,10,"Ti ringrazio, o Signor",Lucio Maria Zappaore,Il Signore è vita,"32,52",trTz934uHVg
1624,10,"Maria, sei l'unico fiore",Figli del divino amore,Ti prego abbracciami Gesù,"32,7",H-VOQ_VgXDc
247,10,Invocazione allo Spirito,---,,6,
402,10,Santo,Francesco Buttazzo,Vita nuova con Te,27,TYl8x7oqD6o
1641,10,Santo,Francesco Buttazzo,Sorgente di unità,27,fgLczyr5VVg
2174,10,Quelli che amano te,Gen Rosso,,26,eGOnZJxYhpY
2474,10,Maria,"RnS - Pecoraro, De Filippis, Salvemini",Voglio vedere il tuo volto,"21,32,7",3psmnXP9YnE
226,10,Il disegno,A. Marani - Comunione E Liberazione,,"21,31,8,13,20",KIIsn62ohDY
1725,10,Innalziamo lo sguardo,Francesco Buttazzo,"Maranathà, vieni Signore","21,2",lE4ajzCUFaQ
1891,10,Alleluia Cristo è risorto veramente,Buttazzo,Esulta il cielo,"21,25,5",xp1h88PTRho
1942,10,L'ultima cena,Andrew Lloyd Webber,,"26,31,4",
1781,10,Gesù e la samaritana,RnS (A. De Luca - B. Conte),,"31,4,12",qsZ3gwW_sFc
2276,9,Santo,Domenico Machetta,Prendo le ali,27,Wi_JSF6K_VQ
2353,9,Oggi è Festa per noi,Avolio-Capacchione-La Rocca,Festa con Gesù,32,x2920xT3f7A
302,9,"Maria, tu che hai atteso",Daniele Semprini,Preghiera a Maria,"32,2,7",TpRxWU6ojlY
1454,9,Nessuno è come Te,Lenny LeBlanc,,"22,26,28,31",njTN4cMmHo0
18,9,Alleluia (ed oggi ancora),Pierangelo Sequeri ,E mi sorprende,25,D7vriZqQNCY
2776,9,Invoca il nome del tuo Signore,Comunità Gesù Ama,,"28,4,9,11,13,14",-DChAnhBc6Q
2283,9,Io ti seguirò,Giuseppe Cucuzza,,"32,4",43c_mpm9R_U
2195,9,Alleluia un giorno Santo,Marco Frisina,Cristo nostra salvezza,"25,3",o_QBpM18EwA
2365,9,"Spirito di Dio, scendi su di noi",RnS - D. Iverson,Sempre canterò,"32,6,9,10",ZucFYqkbUcY
1765,9,Inno all'amore,Debora Vezzani,,"10,15,17",egf81MYejak
2085,9,Ascolta Israele,,,"2,3,4,5,17",
2518,9,E' il Signor,Marvin V. Frey,,"28,9",9apH9bF8NYk
2225,9,Venite alla festa,Gen Rosso,,"21,31,32,15",rT926TNFLdM
1881,9,Hallelujah (riadattamento cattolico),Leonard Cohen,,25,
2177,9,O Gesù mio amabilissimo,Daniele Esposito,,"28,31,9",sx9_Ikueg84
2655,9,Celebra il Re,Angelo Maugeri,Dieci,"21,32,10",pWUQBYPjzfA
2207,9,Buono è il Signor,Comunità Dio Vivente,,"21,32,5,9,10,14,52",w_R5QWHGLGk
1649,9,Accogli Signore i nostri doni (v2),Gen Verde,E' bello lodarti,26,t6NSTY-x1D4
2379,9,Spirito d'Amore  ,RnS - Elen Yarrow Mezzetti,Spirito Santo Vieni!,"32,6",JwY3Yq0WuY8
1570,9,Salve madre dell’amore,Domenico Machetta,,7,ym7QmGy_6oU
2331,9,Atto di amore,Marco Frisina,Sacerdote per sempre,"21,31,4",3yQLNZZ20kE
293,9,Lui verrà e ti salverà,Bob Fitts - Gary Sadler,,"21,31,32,2,4",g3filJMchMY
1572,9,Agnello di Dio,Gen Rosso,Come fuoco vivo,"71,18",pRdqkgFPsII
2333,9,Umiliò se stresso,Marco Frisina,Chi ci separerà dall'amore di Cristo?,"21,4",TseqIMvD3TY
1812,9,"Vieni Spirito Santo, Vieni",P. Bordini,,6,JJuq6PeYw4Y
291,9,Lodi di Dio altissimo,---,,"31,14",p4he2yrMMiY
2649,9,Prenditi a cuore,,,"32,10,16,20",
1597,9,Gesù gridò Mashalem,Cantàmmo a Gesù,,5,LqEzXYahFD8
2693,9,Benvenuto Dio bambino,"R. Faruggio, P. Pintucci",Benvenuto Dio bambino,"32,3",zmUOW9sQzoI
1833,9,Consolate il mio popolo,Marco Frisina,Salvatore del mondo,"2,4",tJCJ2T24qjk
2444,9,Resta con noi Gesù ,Avolio-Capacchione-La Rocca,Festa con Gesù,21,tHajxXxahJU
2781,9,Gloria,Marco Frisina,Pane di vita Nuova,23,vSwC3R_p8uM
1680,9,Tutta la terra attende,F. Baggio,Maranatha vieni Signore,"21,2",66-THI043qA
1666,9,Sposa amata,Corale di Palmi,,7,EPTUzg9R4Z4
2438,9,Io ho un amico,RnS,Sempre canterò,"32,10,51",iI0YYQirz7A
436,9,Sotto il Tuo manto,Marco Frisina,Tu sarai profeta,"21,32,7",IotM7NmYdGA
2409,9,Benedizione di San Francesco,S. Francesco D'Assisi - Fra G. Di Fatta,Viva immagine di Te,"32,10,54",ldI-UMJKxbI
2214,9,Viva don Bosco,,,"32,10,53",_As9JAXiEe0
2785,9,Io ti seguirò ,Giuseppe Cucuzza,Canti di Lode e Adorazione del Rinnovmento dello spirito Santo,"31,4",43c_mpm9R_U
5,9,Accogli i nostri doni,Francesco Buttazzo,,26,6yAFY7jFjG8
1850,9,Ma non avere paura,Claudio Chieffo,,"21,32,2,3,4,10,11,12,14,15,20",vGfA6Z7wgsg
2297,9,Non vivo più per me,RnS,,"21,31,32,4,5,11,12,14,52",75aU18-KnYw
2796,9,Luce di miei passi,Pierangelo Sequeri,,"25,4",HSQ_6aI0oYo
1760,9,Eleviamo lodi al Signor,"Lidia Genta, Sara Taccardi, Davide Tatriele & Giorgio Ammirabile",,"21,32,9,14,15,52",6BdNPKimvhc
2569,9,Scatenate la gioia,Lucio D'amico,,"32,51",K7gPJJGXZsc
1948,9,La Tua presenza in me,Salvatore Basilotta,,9,sAgXKnF9_7s
1543,9,Nato per noi,Meli - F. Gruber - Picchi,,"21,26,31,3",
1591,9,Dov’è l’amore e la carità,Pasquale Dargenio,Dalla tua Croce,"31,5",erHJgWdCchs
2237,9,A Betlemme di Giudea,Tradizionale Noel Francese,,"32,3",MhDWyKjGUP8
2544,9,Lui ci ha dato i cieli,Claudio Chieffo,,"32,10",-hZwUeS4qW8
1824,9,Alleluia (venite a me),Orlandini - Herrera,,25,bvWOchOCQKg
2476,9,Alleluia Tu sei la parola,,,25,mEJxylCyzLI
412,9,Se hai un cuore grande,Pino Bordini,Mi dichiaro per Cristo,6,QA-Q6y2o54w
434,9,Sono qui a lodarti (luce del mondo),RnS - Tim Hughes,,"21,5,9,10,14",s6F0EgxUCok
2045,9,Dammi un cuore nuovo,Servi di Cristo vivo,,"21,9,10",
2659,9,Tutta la vita è un dono,Gen Rosso,20 anni Gen Rosso,32,TExeT0w_4Gk
1399,9,Alleluia - Lode Cosmica,Stefano Puri,,25,CPR3wLwZS1o
6,9,Accogli Signore i nostri doni,Gen Verde,E' bello lodarti,26,t6NSTY-x1D4
2493,9,Amen Jhavè,RnS,Guarda al di la,17,h3rpiGxGPaw
1595,9,Inno al Signore della tempesta,Stefano Puri,,14,HUXQIJRawYU
1787,9,Perchè la vostra gioia sia piena,I. Valoppi,,"32,15",YEY4De0bC94
1594,9,Vi lascio un grande esempio,Pasquale Dargenio,Dalla tua Croce,"31,5",3yZ1qsQJhSw
59,9,Apri le tue braccia,Domenico Marchetta,,"21,32,4,11",9bpmiHETxYY
399,9,Santo,valeria,,27,
2318,9,Santo,Parisi,Popolo Santo,27,prXAyYvLe7A
403,9,Santo (Gen Verde),Gen Verde,,27,wMhu5w2VaDg
2402,9,Dio ti adorerò ,RnS - B. Conte e G. Ferrante  ,Shalom,"9,10",KoZDLjipX5s
2311,9,La vera vite,Marco Frisina,Pane di vita nuova,26,yvy-9GH-7ZU
2766,9,Alleluia dello Spirito,"Angelo Roncari, Lorenzo Capello",,"25,6",
2639,9,Anche tu vedrai,Marcello Giombini,Salmi per il nostro tempo,21,ONgEcVogn-E
81,9,Benedetto Tu Signore,Daniele Ricci,,26,PhOGjXrc9G8
207,9,Gli angeli delle campagne,Noël,,3,wtCunFlJfpM
2031,9,Sei il mio rifugio,RnS,,"21,31,52",sZiN7b5sB5g
2209,9,Il mio canto sale a Te,Paolo Lo Martire RNS,,9,fQmOnN5Gmac
1884,9,Benedetto sei Tu Signore ,Marco Frisina,,26,iqTFgvg7V_s
2861,9,Mi ami tu?,Salvatore Martinez,Mi ami tu? RNS 2022,"31,10",gyU7-2fnJO4
1659,9,Dammi i Tuoi Occhi,Dame Tus Ojos - Marcela Gandara – [Más Que Un Anhelo],,"31,9",16aAyTOY4O8
1598,9,"Vieni Gesù, Maranathà",Francesco Buttazzo,Maranthà vieni Signore,"21,2",So3lUEds_Qs
1831,9,Agnello di Dio ,Gen Verde,E' bello lodarti,71,-KG686w__c0
126,9,Chi ci separerà,Marco Frisina,,"21,31,17",kG0CbU5rvrs
2735,9,Notte di Luce,F. Rainoldi - J. Akepsimas,,"21,31,3",DjK6_1HTYLw
2483,9,Io mi arrendo,ADI Media - Matt Crocker,,9,-XMDKz0m4ts
2243,9,Alleluia Gv 13,Daniele Esposito,,25,nixPt6AeAT4
1997,9,"Dio con noi, Emmanuel",Gen Verde,,"31,3",9Ln9995JMYQ
2064,9,Crea in me o Dio un cuore puro,Spoladore,,"31,4,9,11",XE82L-FSMbc
2626,9,Giovani e Vecchi ,RnS - M.Watson,Anche gli alberi batteranno le mani,"21,30,32,10,14",jvShGPdf7sE
1631,9,Agnello di Dio,Francesco Buttazzo ,Vita nuova con Te,71,HsswpBzH1p4
2602,9,E' il Signor,Marvin V. Frey,He is Lord,"28,14",9apH9bF8NYk
2697,9,Parole di vita,Pierangelo Sequeri,,"25,17",PpXox2XelvA
1643,9,Alleluia Gen Verde,Gen Verde,E' bello lodarti,25,o_qawiNR5cU
2556,9,Osanna all'Altissimo,Carl Tuhie,,"21,14",AOauKnX3GxA
2055,9,Maria tu prega,Francesco Cioffi ,,7,h-ig0ynZcc0
19,9,Alleluia (la nostra festa),Stefano Vernavà,,25,NTK8eTlukMg
1963,9,Salve Regina,Marco Frisina,Tu sarai profeta,7,B_KY-UehmME
2051,9,Perdonami ancora,Paolo Martinelli,,"21,4,11,12",UK2kQjQyP8k
1612,9,Vieni Spirito di Dio,A.M.Landi - D. Deo,,10,-VvG8REU7h4
2497,9,Beato chi dimora in Te,Darlene Zschech - Reuben Morgan,,"21,24,14",MnBizieeEf4
470,9,Un cuore nuovo,Francesco Buttazzo,,"4,12,17",3rNr2gpEFhA
1547,9,Alleluia - Lode Cosmica (semplificata),Stefano Puri,,25,6ol9QL9heeA
2086,9,"La Tua Parola, Signore",Pierluigi Belotti,,"25,4",McPSOK7Yew8
1832,8,Vieni Signore non tardare,Marco Frisina,Salvatore del mondo,2,Udrb_WYeFPs
2782,8,Nelle mani tue,Gen Verde,,"21,32",qJh6HCNo79o
1775,8,Non mi abbandonare,L. Scaglianti,,"4,11,13",nzILBiAVGds
1972,8,Io Mi Arrendo (HillSong - I Surrender),HillSong,,"22,9,11",jHWAZIrV6eU
2063,8,Popolo mio,Marco Frisina,,"22,26,31,4,5,9",W6o7OTGYXsw
2040,8,Con tutto il cuor,Servi di Cristo vivo,,"28,31,9,12",
2406,8,"Lodate, lodate",Vittorio Toscani,Cantate al Signore un canto nuovo,"21,32,9",CuuAt1KlvsQ
1561,8,Adoro Te,RnS,Parola d'amore,"21,31",v4X-5W5gBlw
2817,8,Hosanna ,Marco Frisina,TU SEI BELLEZZA,"21,4",uuUwY80QDXc
2789,8,Voglio restar con Te,sconosciuto,,"32,9,14",Hfe2whkYfos
2413,8,Al tuo santo altar,E. Renoglio - Haie Les Roses,,21,9qAXp1l-Z10
2060,8,Dove la carità è vera,Marco Frisina,,"31,5",AmSLoX-F-b0
2220,8,Benedetto (Davanti a Te o Dio),Benedetti / Anselmi,,26,GH56qRWPg9g
2300,8,Con Te Camminerò,Gen Verde,,"9,20",HrICedZnaSk
1673,8,Quando guardo alla tua Santità,RnS,,9,pB6xPs1nTcQ
2362,8,Donna Maria,Giosy Cento,É il giorno del Signore,"32,7,14",mvOQuhXJZvU
487,8,Vieni Nasci ancora,Daniele Ricci,,3,Lw_edz-5dFw
2537,8,Insieme come fratelli,Pierangelo Comi,,"21,52",fzvPEdSe57M
2636,8,So che tu sei il mio Signor,"Rns - D.Zschech, R.Fragar",,"21,32,14",PHEjrnogw3c
1739,8,Emmanuel è Dio con noi,Giosy Cento,,"31,3",lu_oGWbdqzA
1773,8,L'addolorata,---,,"31,4",
2184,8,Santo 2019,Daniele Esposito,,27,DKewVnAaWG0
1876,8,Santo,Marco Frisina,Pane di vita nuova,27,6ECYy1Nt4ps
290,8,Lode e gloria a Te,---,,"24,25,14",
203,8,Gesù per le strade,Dusan Stefani Da Tradizionale Scout Francese,,4,rbvwFjU8e0o
2041,8,Bisogna che Cristo cresca,Anonimo,,"21,32,10",n-p74q8Mhls
1776,8,Osanna,RnS,Venti dello Spirito,"21,32,4,5,10",QtwBxMaGjD0
1868,8,Dico Sì,Fabio Baggio,,"31,15",lvlP7t0UbH8
2390,8,Voglio stare accanto a Te,RnS,,"31,9",lsxeJEV8NbI
1886,8,Signore pietà,Francesco Buttazzo,Vita nuova con Te,22,4gzCerI5Iz4
324,8,Noi veglieremo,Domenico Marchetta,,"2,17",jx7E62TpIR0
2114,8,"Arrivederci a te, amico Gesù",Antonioli - Giorgi,,32,hPtHOhmfRdg
2383,8,"Signore, sei Tu il mio Pastor",R. Jef - D. Stefani,,"24,31,2,3,4,5",tHsxzhub6po
2615,8,Dai confini del mondo,RnS,Fuoco d'amore,14,opkqrb-Zj9E
1802,8,Mai più ,SDV worship,,"28,31",cCrk4rXjjyk
2349,8,Santo è il Signore ,Avolio-Capacchione-La Rocca,Festa con Gesù,27,iloNCUjHOeI
314,8,Nasce l’amore,Gen Rosso,,3,r-Q9lEpLZkI
2452,8,Al Santo Glorioso (Inno in onore di San Francesco di Paola),tradizionale,,"21,32,10",YJkcn-3kDgk
1544,8,Tu sei bambino,Daniele Ricci,,"21,3",QhJ29I6o3D4
1899,8,Alleluia parla o Signore ,Matteo Zambuto ,,"25,2,3,17",au1j39_d4LM
1686,8,Dio aprirà una via,Don Moen,,"9,52",rWlDxeqezck
2264,8,Gloria,Gen Verde - Gen Rosso,Messa della Concordia,23,WMMw9ggG2Sg
2500,8,Canta e cammina,Francesco Buttazzo,Vita nuova con Te,32,QYR3HU9mYl0
2801,8,Ditemi è vero!,padre Pasquale Lamanna,,"32,5",YSQeOviKi64
1753,8,Santo,Lorenzo Angelini,,27,
2106,8,Vivi in noi don Bosco,A. Franciosa,,"32,10,53",w5HqA0sNAGg
2579,8,Voglio darti il mio cuor,Comunità Cenacolo,Dio dell'amore,"14,15",ImJ8_w59iq0
1954,8,"Ave Maria, Dolce Mamma dell'umanità",Maria Napolitano  (Testo) e Tania Pierannunzi (musica e arrangiamento),,7,gkIYQ8-qgWc
344,8,Pace a te,Marcello Giombini,Camminiamo nella speranza,30,o9OKvdTcqZI
1838,8,Ora lasciateci cantare,Pierangelo Sequeri,,"31,5",9_dXsD7Upow
1,8,Abbà Misericordia,De Luca - Aguila,,"21,4,11",CIoHu_60JQQ
2002,8,Maranathà,Marco Frisina,Non temere,"21,26,31,2",JgxlheZtsxY
467,8,Lodi all'altissimo (Tu sei Santo),Marco Frisina,,31,yfC285eSiXU
241,8,In notte placida,Couperin François,,"31,3",ptkL8MHn9xk
1799,8,Spirito Santo,Morning Star Music,,"6,8,10",m-w4Xwad_kk
2110,8,Giù dai Colli,S. Rastello – M. Gregorio ,,"21,32,10,53",IgERvlCINpo
2043,8,Sono nato di nuovo,Servi di Cristo vivo,,"32,6,8,10,14,52",
280,8,Le Tue mani,Marcello Giombini,Camminiamo nella speranza,"21,25,32,5",76DZuSXj01E
1874,8,Alla Madonna di Czetechova,,,"32,7",JVa5MzbPBcM
1379,8,Tutto è Possibile (Nuovi Orizzonti),Giuliano Pili,,"31,32,14",d5WeIReVXrU
1554,8,Emmanuel tu sei,Francesco Buttazzo,,31,OT-OoN-ONSc
1796,8,Siamo arrivati,Marcello Giombini,Da mille strade,"21,10,51",yC7bGA38mJg
2307,8,Santo,M. Palmitessa,Riuniti nel tuo amore,27,Ryffc-LzYbE
486,8,Vieni e seguimi,Gen Rosso,Se siamo uniti,"21,32,17,20",EprjM1pGNyY
2272,8,Agnello di Dio,Daniele Ricci,,71,
379,8,Rendete grazie,RnS,,"31,9,52",nHtZ_GGeSKY
2348,8,"Alleluia, il tuo Vangelo",Avolio-Capacchione-La Rocca, Festa con Gesù,25,4dyeFrn2cU0
2279,8,Come la cerva,,,"24,5",
2665,8,Chi perde la sua vita per me,Sr. Hermana Glenda,,"31,12",k77hcuLAouU
489,8,Vieni Spirito di Cristo (Vieni vieni spirito d’amore),RnS - G. Amadei - K. Arguello,Spirito Santo Vieni,6,cD9dCcT0jl0
2339,8,Come Davide,RnS,,"21,24,32,4,9,14",y0Lcs6P787Q
1396,8,Rimanete in me,RnS,,31,OPHcpzxIC9c
317,8,Nella luce del Signor,RnS,Shalom,6,fZwY4SNQQRU
1830,8,Gloria a te,P. Ciardella,,"25,4",
2619,8,A te elevo la voce,RnS - P.Wilbur,,"22,31,10,18",8OF5jo_G_d8
2534,8,Il padre che è nei cieli,,,"4,8",8jyB8cre3Nc
2519,8,Ecco il legno,Marco Frisina,Cristo è nostra Pasqua,4,d0Kld4SuUJc
1601,8,Anima di Cristo,Roland Patzleiner - Figli del Divino Amore,,"31,9",W01svaJuMc8
2625,8,Gesù (Pentecoste '81),RnS - S.Fioravanti ,Guarda al di là,"31,10,11,18",8DQO1FaOXyA
1825,8,Il Consolatore,SDV worship,,"28,31",3NwfXEErkas
1916,8,"Cammina insieme a noi, Maria",Francesco Buttazzo,Testimoni dell'incontro,"32,2,7",S6PueSoj3kc
186,8,Effonderò il mio Spirito,Marco Frisina,,6,rHgRVOa6wcU
2277,8,Olio di Letizia,C.Giordan - G.Becchimanzi,,"21,31",Lj09sdqBA2M
2525,8,Grazie a Te,Comunità Magnificat,,9,iyILYyPHbeg
2425,8,Ecco l'acqua,Buttazzo - Dargenio,Esulta il cielo,"8,10",9cXr4L4K-g4
2635,8,Sii esaltato ,RnS - T.Paris,Venti dello Spirito,"21,32,14",Vz01MqhPbyM
2016,8,Riempici di Te,Spoladore,,"22,4,9,10,11,12",7pmeNQW1pYw
2499,8,Buon Gesù,Don Livio Tacchini,La tua Parola mi incanta,"31,9",Dc2zfuAM2DY
2022,8,Apri le tue braccia (v2),Domenico Machetta,,"21,4,13",OH5SwJjSVBQ
1792,8,Resta con noi,Domenico Machetta,Sei con noi uno di noi,32,2ELEaLpK22g
300,8,"Maranathà, Vieni Signor",RnS - Christian Gonzales,La mia voce sale a Dio,"21,2,3",hfCUK1ERFEI
2630,8,Lode e Gloria al tuo nome,RnS - E.Baranger,Benedici il Signore,"21,32,14,52",mkR3GFJY3AQ
1849,7,Lasciati fare,Claudio Chieffo,,"21,31,10,12,15",aa4m0AAJyx4
465,7,Tu scendi dalle stelle,Tradizionale,,"32,3",THoF5snnSvE
2387,7,Sia lode all'Agnello,RnS ,,"14,52",ExoLY01XIbU
345,7,Pace a te (Nel Signore io ti do la pace),A. Costa - Stefano Varnavà,,30,84PLHM1ko80
347,7,"Pace sia, pace a voi",Gen Verde,Come fuoco vivo,"30,32",Ga9OYuovxio
2496,7,Aprite o porte i frontali,--,,24,_5lv9KifLnE
2638,7,Dall'eternità,Rns (Riccardo Sansone),Ha vinto il tuo amore,"32,16,20",QNzbG3nKCt4
1965,7,Gloria in excelsis Deo,Stefano Mattii,,23,1d3g1NvlYdU
2172,7,Le Beatitudini,RnS,Venti dello Spirito,"31,10",SNNglMPpkVI
228,7,Il giovane ricco,Claudio Chieffo,,"21,31,17",dvmhVwadLFQ
396,7,Santo C.M.,C. M. (Assisi),,27,UXbUHZ-ERQI
2145,7,Fuoco d'amore,S.Russotto - M.Cascione,,6,2FCzg6Iz204
2342,7,Osanna,RnS,Come Davide,"21,32,5,9,14",yR73PoiiIjg
2514,7,E la montagna si muoverà,--,,"10,16",uOMLQQhnQe8
2477,7,"Alleluia, Cristo nostra Pasqua",,,25,
1626,7,O Amore Ineffabile,Marco Frisina,,31,T03wmoGQJHs
2532,7,Hosanna (versione italiana),Hillsong,,14,EgxlXkHK7fg
20,7,Alleluia (Passeranno i cieli),Eugenio Costa - Stefano Varnavà,,25,3-_UHaQ2N08
2610,7,T'amo Gesù,RnS - D.Visconti - A.Visconti,Luce,25,9bHWgyzlxzs
2148,7,Gesù caricato della croce,Daniele Ricci,,4,7DqarrWUwDk
1712,7,"Ti salutiamo, o Vergine",Canto tradizionale ,,"21,32,7",CHgvW9JwN-E
499,7,Amare oltre,Federico Russo,,"31,15",zRy5MFLE59g
2215,7,Ogni volta che mangiamo di questo pane,Marco Frisina,Pane di vita nuova,28,TUCc7PkxyhE
2802,7,Shemà Israel,Kiko Argüello,,"21,5,10",aVYbiH88tHw
1623,7,La tua Croce,---,,4,jOXFIceOme4
2050,7,"Alleluja, lodate il Signore",Marco Frisina,,"21,25",mL0uSJR8My8
1764,7,Ho lottato tanto in questo giorno,M. Giombini,,"10,13",rIZ2359vBMw
2736,7,Alleluia Vi annunzio,Marco Frisina,Natale: 1 gennaio - Epifania,"25,3",2jxLUTHmUdA
2167,7,Vieni Signore Vieni (Maranatha),Galliano Semprini,Il signore è vicino,"21,2",_TX0DWif4aw
2513,7,Dove troveremo tutto il pane,Stefano pianori,,26,dztwb6q08ho
2236,7,Kyrie 2019,Daniele Esposito,,22,IyX9sXwMRv4
1941,7,Santo,V. Antonioli - R. Giorgi,,27,PCTR5KXAhj8
1553,7,Danza Danza,Giovani della Comunità Maria (1983),,"21,32",tVx4nmLlgTo
496,7,Voglio ringraziare,---,,"26,18",BqY1WvhAN5Y
2490,7,Agnello di Dio,Francesco Buttazzo,Si è fatto come noi,71,JixeMjg5CWQ
466,7,Tu sei,Paolo Spoladore,Così,"21,31,6",RbEjtKf3Yr8
1599,7,Mi rialzerai,Giorgio Ammirabile,Canzoni D`amore Al Padre Vol. 3,14,Lgca7x-7Uzk
2337,7,Gesù che sta passando,Figli del Divino Amore,,32,3a3GgAxcarg
2778,7,Lascia i tuoi pesi,Sefora Nelson,Spero,"31,5,9,11",B4o9Wh2SjnM
2769,7,Signore delle Cime,Bepi de Marzi,,10,GOt_IfNcvpA
1980,7,Dell'aurora tu sorgi più bella,Francesco Saverio - Don Luigi Guida,,7,pOGCCbbJdiY
2130,7,Degno di Lode,Athena,,"6,9,52",4Vs34USuGdk
1784,7,Santo (Ci doniamo a Te),"Bevilacqua, Bertolino",Ci doniamo a Te,27,iWXa2CWrRf8
2386,7,Voglio stare accanto a Te,Don Moen,,"31,52",JnKh2n15Q-4
2652,7,Santo (Nato per noi),Luca Bosso,,27,p_TPDIpCF9E
404,7,Santo,Gen Rosso,,27,
1863,7,Tu sei misericordia,RnS,,"31,5",LGP1dbczCAw
2336,7,Nel tuo cuore sia la pace,D. Scarpa-F. Buttazzo ,Vieni soffio di Dio,"30,32",JVNkiDXoDQ4
2457,7,Meraviglioso sei,C.G.S.,Leone della tribù di Giuda,9,eBDQ_ovCqRg
2575,7,Tu sei qui (Way maker),Leeland,,"31,9",YKoiaFo6shc
44,7,Alzati e risplendi,A. Gocam,,"21,31,2,17",PgtfzpgiKMw
2202,7,Santo,Gen Verde,Il Mistero Pasquale,27,N7GZXlSnhWo
1885,7,Sfolgora il sole di Pasqua,Francesco Buttazzo,Alleluia è resorto,"31,5",9aOatg1tRqw
2542,7,Lascia i tuoi pesi,Sefora Nelson,,"31,11",B4o9Wh2SjnM
2194,7,Alleluia Quando siam riuniti,,,25,
2433,7,Vieni Santo Spirito (culla il mio cuore),Sara Corrieri,,6,VEIrSzFD2K0
1586,7,Signore pietà,Francesco Buttazzo,Esultiamo nel Signore,22,Z6I6uEOh01s
1903,7,Dona la pace,Figli del divino amore,,"30,6,14,20",eHNi1hj2JHw
2560,7,Perfetta letizia,Castellacci,Forza Venite Gente,54,RLiBiI9pVkc
1719,7,Vi darò un cuore nuovo,L. De Mattia - Guglielmo Amadei,,"21,31,4,11,12",3uyh87q1AyE
1814,7,Un canto semplice d’amore,---,,"31,10,14",DwAdkGTW7E8
2403,7,Noi t’invochiamo,F.G.Pesare,,6,rgplGCJAqaU
1921,7,O Salvezza del mondo (Inno Madonna della Catena di Cassano Jonio),F. Pennini - F. Spingola,,"21,32,7",DcXsoC35PcY
2200,7,Canto di Madonna povertà,Marco Frisina,,"21,32,10",Q6832pWyl7c
2075,7,Alleluia - Questa Tua Parola,Paolo Spoladore,,25,2K20I0kFo84
2431,7,Cantico della creazione,Roberto Mancioni,"Incanto Serafico, Volume 1","21,32,54",ZnLM3baAnbE
2306,7,Inno alla carita,Branca,,31,OXe-y2HsoX0
48,7,Amatevi fratelli,Domenico Machetta,"Grazie, Signore!",31,p4Rje5e8Vw4
1407,7,Noi ti diamo gloria,---,,"28,31",H93SearWnjM
1747,7,"Alleluia, da chi andremo","F. Buttazzo, G. Puccio",Esultiamo nel Signore,"25,5",tZhPODcWVhs
2161,7,Santo,Benedetti/Anselmi,,"25,2,3,4,5,10,11,12,13,14,15,16",ps8tTMhXgfg
1835,7,Benchè sia notte,Marco Frisina,Salvatore del mondo,"2,4",QfsHPBD5Xns
325,7,Noi veniamo a Te,Francesco Buttazzo,,21,Pym_tk0twHw
2322,7,Lodate il Signore dai Cieli,Marco Frisina,Benedici il Signore,25,dxYvkPpwXS8
2617,7,Ascolta la nostra lode ,RnS - R.Morgan,Grazie,"21,32,10,14,16,52",Ux8cys8tH08
2140,7,Santo - Jesus Christ Superstar (semplificato),Comunità Magnificat,,27,5c8XAW-eIa0
2358,7,Ti offro Signor,Giuseppe Carrisi,Il 7° giorno,"26,52",bd8IuPNUM_g
1392,7,Il Natale del Signor (Titolo originale: The first Nowell),Anonimo (Canto tradizionale inglese),,"21,32,3",wcTA7RC9-2Q
2432,7,"Io ti amo Signore, mia forza Tu sei",RnS,Il deserto canta,9,8ZVRO9-Pv3g
2210,7,Saluto alla Vergine,San Francesco d'Assisi,,"21,31,32,2,7,10,18",0eNOXqGpx3g
1962,7,O fiore di grazia gentile,Canto popolare molfettese,,"32,7",iqmdDiWVVjc
1711,6,Spirito del Dio vivente,Jacques Godard,,6,QfhKk-joa8k
2036,6,Danza della carità,anonimo,,"21,31,17",TMErDsYezOQ
2492,6,Alzate il vostro sguardo,Pierangelo Comi,Oggi il regno,"24,4",qrIWIkO4CTk
1878,6,Ti lodino i popoli Dio,Francesco Buttazzo,,"21,32,5",3YdieOWn0u8
1964,6,Mira il tuo popolo,Tradizionale,,7,cQOswT1rM9Q
2712,6,Ecco il pane,D. Ricci,Sei venuto dal cielo,26,nHQZHhbRf30
2058,6,Miserere mei,Marco Frisina,,"22,4",oeBMiJT9EXE
2523,6,Gesù (mi perdonò),RnS,,14,QUPSb74bIR4
2123,6,Alleluia 7,Taizè,,25,6OE6-jCNZuM
1688,6,Gesù t’adoriamo,Paul Kyle,,9,4gqnJZyYhxA
1961,6,Facciamo festa,Giuseppe Tranchida,,"21,14",98dpIdS6-so
2614,6,Lode e onore a Te,Daniele Esposito,,"25,4",_q5fVwBVf6E
2328,6,Santo,Daniele Scarpa,,27,nDF5BYCbC3o
1721,6,Maestà,RnS,Davanti al Re,"21,9",2BypEohTTKA
2501,6,Canto di mamma Sifa,canto africano,,7,
1566,6,Re dei Re,RnS,Dio dell'impossibile,14,9zbbr_GHXSo
320,6,Ninna Nanna,---,,3,
2576,6,Uomo di galilea,RnS,Vive Gesù il Signor,21,zp74gDOTECw
2061,6,Stabat Mater,Marco Frisina,,"22,31,4,5,7",NSN3U6_-Ipw
1910,6,Nel Signore io ti do la pace,A. Costa - S. Varnavà,,30,84PLHM1ko80
16,6,Alleluia,Mite Balduzzi,,25,77Ft25VCnI4
2559,6,Niente ti fermerà (Magnificat),Gen Verde,,7,Soe76XqhzUQ
1714,6,"Ti saluto, o Croce santa",Gazzera - Damilano ,,"21,32,4",3SaRcDRegyo
2405,6,Le mie mani son piene (di benedizioni),José Vargas,,"32,8,10,51",jVY2rYmG0ac
2096,6,Canoni - Dona la pace,Taizè,,"31,9,10",MNRLFsTPWOM
2153,6,Alleluia (Non può bastare una canzone),--,,25,GTPAqrgb3Ac
2356,6,Passa questo mondo,Domenico Machetta,,32,rg6U7jMTkg0
2154,6,Alleluia (Messa della Concordia),Gen Verde,,25,AewvundFzX4
194,6,Fermarono i cieli,S. Alfonso,,3,rGZOl9qUiEE
2046,6,La barca,Figli del Divin Amore,,"10,14",i1oIEg6Jh64
147,6,Custodiscimi,RnS,Davanti al Re,"24,31",jnB5GL_qTW0
2648,6,Sanctus! Holy!,Marcello Giombini,Io canterò pace,27,h-PMtVCPzjo
272,6,La luna,M. Castellacci R. Biagioli,Forza venite genti,10,3tO1yugqdHc
2603,6,Figlio di Davide,M.P. Loiacono,Benedici il Signore,22,j6UoONZKLCA
1722,6,Padre ti preghiam,Rick Ridings,,"21,30",W86STkQDwQU
260,6,Jesus Christ you are my life,Marco Frisina,,"31,14",K3jD3EWiRdg
1950,6,Venite a me,L. Mariano,,"31,2,4,20",wEvLT3HnkTo
2662,6,Alleluia (Shalom),Paolo Spoladore,Dacci Pace,25,gBgAVwzOfgU
1694,6,"Gloria, gloria, gloria io l’ho incontrato",,,"21,32",mAA7-Cw0HRk
388,6,Ruah,RnS,Davanti al Re,"6,9",K8hHrI_lZKw
1853,6,Prendete e mangiate,Pianori,,"28,31,2,4,5,9,10,12",05kNtVWOdFc
392,6,Salve Regina,Gen Verde,,"7,13",O9sxd62wGZs
408,6,Santo è Santo,Kiko Arguello,,27,28hHmFcXkqE
1989,6,Andro' a vederla un di',Tradizionale Mariano,,"32,7",0juafPduuno
1684,6,Celebriamo il Signore,Gary Oliver,,"32,5",H6OfECD7plA
2116,6,Ave Maria,Gen Rosso,,7,tD_DIL0P9Hw
275,6,La Pace Sia con Te,Gen Verde,,30,F8fEmCpn4N0
2800,6,Mi hai amato per primo,RnS,Mi ami tu?,"32,14",6g30zD4EErM
2345,6,Signore pietà  ,Avolio-Capacchione-La Rocca,Festa con Gesù,"22,10,11",Qtg-r9zQ4zE
2127,6,Inno a San Giovanni ,,,"32,10",
1691,6,Gloria al suo nom,RnS,,21,C_MluxaZe0M
2034,6,Osanna cantiamo al Signor,Salvatore Basilotta,,27,vAPpzoDuuh0
462,6,Ti seguirò,Marco Frisina,,"31,20",Y_xgpeKRs3k
474,6,Venite fedeli,Tradizionale,,"21,3",_ScN76gAQ8g
1861,5,Ti saluto San Giuseppe,Parole di S.Giovanni Eudes - musica Comunità Shalom,,"32,10",
2653,5,O cieli piovete dall'alto,G. Filippucci,,"21,2",0zOEl5wV2S8
2268,5,Preferisco il paradiso,"San Filippo Neri, Marco Frisina",,32,M1xTY0XwP2E
2565,5,Sacro torrente,Don LIvio Tacchini,,"31,9",ZYW_9wDuErY
2479,5,Dayenu adonai,Gen Verde ,Il mistero pasquale,4,3nHlGCScNRg
2596,5,L'annuncio a Maria,Daniele Esposito,,"21,31,2,7",GacR0-QmARk
1933,5,Se tu sei con me,,,11,vMTOuqsMVnM
2001,5,Agnello di Dio,Marco Frisina,Pane di vita nuova,71,3gkGaXTgpoA
2372,5,Non sei più tu che cerchi me,RnS - A. Napolitano,Il deserto canta,"21,31,4,9",F4C_jtS-nII
2520,5,Effonderò il mio spirito,Recalcati Carlo,Esultanti cantiamo,6,dDpKUREFsYs
2171,5,Maria porta dell'avvento,"Anna Maria Galliano, Daniele Semprini",,"26,2,7",TEgOAJ_El14
2010,5,Mistero della Fede,,,28,CgfcqgllUPE
2280,5,Ecco l'acqua che sgorga,,,8,3xr3H6KFj6g
1697,5,Ti amo Signor,Laurie Klein,,"9,52",ipf3GPiyYaA
2364,5,Saldo è il mio cuore Dio,RnS,Vittoria!,21,J09gRZlBDgE
1605,5,Spirito Santo soffio di vita,Roland Patzleiner - Figli del Divino Amore,,6,CV2DEoKvTzY
2097,5,Canoni - Questa notte,Taizè,,"31,5,9,10,17",RbEr0lW60z8
1928,5,Santa degli impossibili (Santa Rita),canto popolare,,"21,32,10",
2657,5,Annunciamo la Tua morte,Marcello Giombini,Camminiamo nella speranza,28,zZnqfJVvZRU
1931,5,Dove tu sei,Gen Rosso,,9,ko1yR6Vxv5U
2369,5,Oh Maria quanto sei bella,Popolare,,"32,7",8ka7BI_ThBE
1652,5,"Ti Loderò, Ti Adorerò, Ti Canterò","RnS - D.Basta, R.Baldi",Luce,14,7xpGAaTVmrA
1990,5,Voglio adorare te,RnS,,9,NOHPFNL88Iw
114,5,Canta Alleluia,Linda Stassen,,25,eOIptdCZNfw
2441,5,C'eri tu ,Stefano Varnava,I negro spirituals in italiano,"4,9,12",0dMes0mREMM
2042,5,Innamorato di Gesu',canto popolare dell'america latina,,"21,32,10,14",
2325,5,Santo Spirito,"RnS - Vigo, Napoli",Mi affido a te,"21,26,6",qPyQGS2ulE0
323,5,Noi crediamo in Te,"Valentino Meloni Dal Canto Africano ""Kumbaya""",,"21,32,14",
1845,5,La pietra (salmo 117),Mascagni,,"21,24,28,31,5,10,14,52",HKgyVpQWMBs
1815,5,Cantate inni a Dio,RnS (A. Morrone - A. Altieri),,"21,32,14",5YpmSiv3BYg
2074,5,Misericordes sicut Pater! (Inno dell'Anno Santo della Misericordia),"Paul Inwood / P. Eugenio Costa, S.I.",,"31,4,5,6,12,18",OgOitVtAgXA
49,5,Amen (Tutte le promesse),Piera Cori,,28,n0uJeM49Mzw
86,5,Bianco Natale,Tradizionale,,3,U1rW9oXQE5I
2584,5,Re dei re (osanna),SDV worship,Apri i cieli,"21,31,32,9",7R2HJ58mkNo
2571,5,Se il diavolo è arrabbiato,Popolare America Latina,,16,Ec-_Kg5kBeU
1736,5,Come un fiume d'acqua viva,RnS,,"21,6",
2092,5,Risuscitò,Kiko Arguello,,"21,25,32,5,9,12",GFESE8ZXcqk
1002,5,Santo è il Signore,Daniele Ricci,La tua dimora,27,bJjxtx9wCIc
1630,5,Gesù mori per me (invocazione),,,9,tR8MzbLk-YI
1671,4,Alleluia Canto per Cristo (v2),Eugenio Costa,,25,TObK5sUeuNI
1772,4,Signore vero corpo,Marco Frisina,,22,W0Zh4fvBj6Q
2443,4,E' nato nel mondo ,Giuseppe Tranchida,Alleluja è Natale,"21,3",mXiG2dpKBXU
2304,4,Il canto della Resurrezione,Marco Frisina,Tu sei bellezza,5,QDHJU9XzZq0
478,4,Verbum Panis,Mite Balduzzi,,"31,3",3cXJ9p4Zjo0
1758,4,Samuel,Giosy Cento,,"21,20",_x3tf9Kx8og
2434,4,Nome dolcissimo,Padre Andrea Castelli ,Classici Mariani Vol. 1,"32,7",aaRFELnu-Ok
1995,4,Tu sei Santo Tu sei Re,Rns,,"31,9,10,11,14,52",-EtAY6ADJzo
2761,4,Alleuia malgascio,tradizionale del Madagascar,,"25,18",JFX_mWrdGJY
1707,4,Tu sei Re,Nico Battaglia,,"21,31,9",zKrljiD2ANw
1969,4,"Gesù, Jesus (Medjugorje)",Regina della Pace,,"30,6,9,10,14",GLU1Cq7n8KA
2135,4,Aprimi gli occhi del cuore,Jeunesse en Mission,,"21,10,14",41BvMRjjJmo
2384,4,Dai la mano a tuo fratello,RnS,Sempre canterò,"21,30,32,3,5",JPrPBoEy6d0
1412,4,Invochiamo la Tua Presenza,RnS,,21,IFAFqCqlbus
2359,4,T'invochiamo Spirito,RnS - A. Di Russo,Venti dello spirito,"21,6",iVKSgOEbrFU
2397,4,Misericordia sei,RNS - Salvatore Martinez,,"31,9,11",-XVzdXanFSo
2812,4,Ave Maria gratia plena,,,"32,7,20",xmaAckwvwEw
2039,4,Adoratio - Viva Gesu',Padre D.Betancourt-D.Deo,,"28,31,4,9",
1738,4,Misericordia sei,Salvatore Martinez,,"31,4,11,12",
1651,4,Talità Kum,RnS,Misericordia sei,21,m-54f4aPx1Q
98,4,"Canoni - Jubilate Deo, omnis terra",Taize,,"25,18",
2298,4,Celebriamo insieme,RNS,,"21,31,32,5,10,14,52",PW6KJpQPsEk
1567,4,Apri i miei occhi Signore,RnS,,"21,24",cWmBVEVPoZQ
1975,4,Tu sei qui (Medjugorje),Figli del divino amore,,"31,9,10,14,52",k_Wt7xCZn4I
1689,4,Gesù (Al mattino),Marvin V. Frey,,21,Lg8FNQLuUKc
2640,4,Stirpe eletta ,RnS - A.Carter,,9,4MQ0zwKGoCA
1606,3,El Shaddai,M. Card - J. W. Thompson - G. Focard,,"21,31,9",JcVrnvW9sew
1745,3,Beati voi,Francesco Buttazzo,,"21,31,32,10,15,17,20",1b9KyDZyETU
69,3,Ave Maria (Verbum Panis),Mite Balduzzi,,7,23OWVb6XwZo
2494,3,"Amen, Alleluia",Rns,La mia voce sale a Dio,"25,28,18",rYWPGadZC90
191,3,Evenhu Shalom,Tradizionale Ebraico,,30,AWePGSeapVo
364,3,Preghiera dei poveri di Yahvè,Kiko Arguello,,"2,4",u0J7lNU5oII
2053,3,Canoni - Nulla ti turbi,S. Teresa d'Avila - J. Berthier - Taizè,,"14,18",go1-BoDD7CI
2206,3,Vidi l’acqua,Marco Frisina,Cristo è nostra Pasqua,"5,8",-V3jTKB9dyE
2486,3,Quanno nascette Ninno,Sant'Alfonso Maria de' Liguori,,3,l0ruP0TTTPI
2426,3,Ave Maria di Lourdes,Rivisitazione Compagnia Aquero,Messa dei giovani,"32,7,10",vjVEQCdkk18
1723,3,Kol rina vishoua (Qol - rinna - wishua),Tradizionale Ebraico,,"32,52",gzNcI65L1mI
1789,3,Quando busserò,M. Giombinni,,"21,10,13",djhEO3qbHdI
1904,3,Questa famiglia ti benedice,Marcello Giombini,,"21,10,12,52",SHbvPY9TICk
410,3,"Santo, Signore",Marcello Giombini,Cantata dei giovani per la Vergine Maria,27,TXxWWwOrD2A
1700,3,Regina caeli,Janet Canto Gregoriano,,"32,7",yzMa0qzwagA
2,3,"Abbà, Padre (ascoltami)",RnS,Venti dello Spirito,"31,4,9,11",WDYpSRVLhr4
2593,3,Quì è la vera e perfetta letizia,P. Gennaro Becchimanzi,,"32,10,54",6clnFSSzodg
255,3,Io ti chiedo perdono,Marcello Giombini,,22,08zbpWd6Hf8
2150,3,Santo nelle Altezze ,RnS,,27,c-ufebYihbw
1461,2,Credo,Mite Balduzzi,,2,ND-L8vG9LsM
64,2,Astro del ciel,Meli - F. Gruber - Picchi,,"21,26,31,3",
2522,2,Gesù io desidero amarti,Daniela Saetta,La Tua parola mi incanta,"31,9",
1608,2,Guariscimi o mio Signor,Roland Patzleiner - Figli del Divino Amore,,"31,9",e7_MBc0yhMg
2446,2,Alleluja - Cristo è risorto dai morti,dalla liturgia Pasquale orientale,,"25,5",bjkNmeYsQ2s
2563,2,Ruah,RnS,Davanti al Re,6,uFc-BHb_gHA
2481,2,Ave Maria di Fatima,Popolare,,7,JFZ5h7olFpA
2624,2,Gesù (invocazione),RnS - R.Magnabosco,,"28,31,9,10,11,12,20",wMb9MhgCMuU
1834,2,Kyrie Eleison,Marco Frisina,Salvatore del mondo,"22,2",DqUPts8ApGU
1829,2,Misericordias Domini,Henryk Jan Botor,,"26,32,4,14,18,52",1f-ajE9k5Is
2257,2,Yes Lord,Darrell Evans,,51,II0ALMgLUrI
1977,2,Alleluia di taizé,Taizè,,25,
261,2,Kyrie Eleison,Marco Emberti Gialloreti,,22,O1VlQ9tVGmo
2741,2,Lodate Iddio,G. Cento,È il girono del Signore,"21,14",CyJsPlWT7PM
2724,2,"Eli, Eli, lamma sabactani",M. Giombini,Salmi per il nostro tempo - Il suo tempo,4,mdvawF7h5X4
1967,2,"Tota pulchra es, Maria",Gregoriano,,7,d391vKzANfM
1603,2,Regina della Pace,Letizia Centorbi,,7,pRi2BLYq0XI
102,1,Canoni - Misericordias Domini,Taize,,"22,18",pva71b0fTMM
2128,1,Gloria di Medjugorje,Ricotta/Bunoza,,23,lASYbGxI7aU
1642,1,Salve Regina [Latino],Autori Religiosi Vari,,"32,7",gMufzUX3RUY
2089,1,Sanctus,Figli del divino amore,,27,
1988,1,É l'ora che pia,Tradizionale mariano,,"32,7",
1720,1,"Laudate, omnes gentes",Taizè,,"9,18,52",lbb-kaurSW0
1935,1,Agnus Dei,Giosy Cento,,"71,2,3,4,5",_2zFoFm_a1c
1756,1,Mi alma canta,Gen Verde ,Sulla via della speranza,"32,2,7",Aw7kiTpQCio
2439,1,"T’adoriam, Ostia divina",Popolare,Collana Canti per la Liturgia: Inni e canti,9,tstLbNE5AJU
1393,1,Il Piccolo Tamburino (The little drummer boys),K.K.Davis,,"31,3",-A5A4XhRYrI
2095,1,"Canoni - Confitemini, Domino (Ringrazia il Signore perché è buono)",Taizè,,"31,9,10",khXIGwIhpYE
453,0,Ti esalto Dio mio Re,RnS,,"21,24,32,14",k-FQwfnrxl0
2290,0,"Kyrie, eleison",TAIZE n.10,,22,WGsBsjksED4
1705,0,Kyrie Ekeison,Alessandra De Luca,,22,ojK6O37jV88
1922,0,Alleluja (Terry),,,"25,5,10",
1856,0,Canoni - Ubi Caritas,Taizé,,"26,30,18",eF8AW6JzWpE
1968,0,Christus vincit,Aloys Kunk,,"9,14,52",7arQTsM26qk
2162,0,Be thou my vision,popolare irlandese,,"32,2,3,4,5,10,11,12,13,14,15,16,20,52",ihJAJA4ibEs
2185,0,Agnus Dei (miserere et pacem),Daniele Esposito,,71,oi6I52MhsaQ
2313,0,Amen,,,28,
100,0,Canoni - Laudate omnes gentes,Taize,,"14,18",lbb-kaurSW0
2142,0,Laudate Dominum,Taizè,,"21,14",mwRMT2_pi9c
2527,0,Griderò,--,,14,
2175,0,Benedicat tibi Dominu,S.Francesco - Siro Merlo,,"10,52",OuuEwfAmd94
1914,0,"Alleluja, Tradizionale",Pasquale gregoriano,,"25,5",6sLNiJd95jY
263,0,Kyrie Eleison,---,,22,
101,0,Canoni - Magnificat,Taize,,18,nLM0GiihIbs
2047,0,Vexilla regis prodeunt,Venanzio Fortunato-Urbano VIII,,4,
2396,0,A te Signor leviamo i cuori,P. Damilano,,26,zDfmLrOJ6dI
502,0,Lord I Need You,Matt Maher,,"21,15",LuvfMDhTyMA
262,0,Kyrie Eleison,Giosy Cento,Messa delle Savane,22,NZABdoaE6QE
2013,0,Madonna nera,Jan Dobraczynski - Padre Adelfio Cimini,,"32,2,7,9,10,11,13,14,52",JfB9XLu2mtg
1996,0,Kyrie,"Mite, Balduzzi - messa Verbum Panis",,"22,11",RnHTcY9zpZw
2083,0,Anima Christi,Marco Frisina,Pane di vita nuova,"31,4",BYzT9zOJHF0
1755,0,Kyrie,--,,"22,11",
1840,0,Salvator Mundi,Marco Frisina,Salvatore del mondo,4,_FORNvFCJRY
2319,0,Joy to the world,Celtic Woman,,32,30OaM6b48k8
329,0,"O Dio, Tu sei il mio Dio",Marco Frisina,,24,7Ss8-mRlInA
11,0,Adeste Fideles,Tradizionale,,"21,3",FgTsp_3z94Y
2033,0,Alleluja,Salvatore Basilotta,,25,8MsombMxjp0
1973,0,Si accende una luce,Lucernario,,2,BtW8PDIm2dc
2273,0,Lode a te oh Cristo,,,"25,4",
2187,0,Acclamiamo a Dio,Tommaso Bailo,,21,
2024,0,Venite fedeli (v2),Stefani - Wade,,"21,3",RHw_pm_ITWk
2314,0,Magnificat - Mina,Marco Frisina,,31,e410OlByoE8
2581,0,Girl On A Mission,Gen Verde,,7,7hsza1S_lrA
1638,0,Ad una voce,RnS,Ad una voce,"21,31,32",Kt5woytl9RQ
1911,0,Agnus Dei,,,71,
2032,0,"Kyrie, eleison",Rosangela Trovato,,22,YA9-y7kcYpM
2094,0,"Canoni - Adoramus Te, Domine",Taizè,,"31,9,10",R1UOt3kMkF4
2491,0,Alleluia (congolese),--,,25,
2289,0,Kyrie eleison,Nella Casa del Padre - Riti di introduzione - n. 219,,22,
1699,0,Tantum Ergo,Gregoriano,,9,Swns4Kjzc9E
2121,0,Who you say I am,Hillsong,,"32,10,11,12,14,15,16,20,52",lKw6uqtGFfo
